imgs,pred
collection_train_train_+_fog_OR_foggy_OR_smog_google_0110_0.jpg,train
collection_aeroplane_aeroplane_+_fog_OR_foggy_OR_smog_google_0000_0.jpg,aeroplane
collection_aeroplane_aeroplane_+_fog_OR_foggy_OR_smog_google_0002_0.jpg,aeroplane
collection_aeroplane_aeroplane_+_fog_OR_foggy_OR_smog_google_0003_0.jpg,aeroplane
collection_aeroplane_aeroplane_+_fog_OR_foggy_OR_smog_google_0004_0.jpg,aeroplane
collection_aeroplane_aeroplane_+_fog_OR_foggy_OR_smog_google_0005_0.jpg,aeroplane
collection_aeroplane_aeroplane_+_fog_OR_foggy_OR_smog_google_0006_0.jpg,aeroplane
collection_aeroplane_aeroplane_+_fog_OR_foggy_OR_smog_google_0007_0.jpg,aeroplane
collection_aeroplane_aeroplane_+_fog_OR_foggy_OR_smog_google_0008_0.jpg,aeroplane
collection_aeroplane_aeroplane_+_fog_OR_foggy_OR_smog_google_0009_0.jpg,aeroplane
collection_aeroplane_aeroplane_+_fog_OR_foggy_OR_smog_google_0012_0.jpg,aeroplane
collection_aeroplane_aeroplane_+_fog_OR_foggy_OR_smog_google_0014_0.jpg,aeroplane
collection_aeroplane_aeroplane_+_fog_OR_foggy_OR_smog_google_0015_0.jpg,aeroplane
collection_aeroplane_aeroplane_+_fog_OR_foggy_OR_smog_google_0016_0.jpg,aeroplane
collection_aeroplane_aeroplane_+_fog_OR_foggy_OR_smog_google_0018_0.jpg,aeroplane
collection_aeroplane_aeroplane_+_fog_OR_foggy_OR_smog_google_0019_0.jpg,aeroplane
collection_aeroplane_aeroplane_+_fog_OR_foggy_OR_smog_google_0021_0.jpg,aeroplane
collection_aeroplane_aeroplane_+_fog_OR_foggy_OR_smog_google_0021_1.jpg,aeroplane
collection_aeroplane_aeroplane_+_fog_OR_foggy_OR_smog_google_0021_2.jpg,aeroplane
collection_aeroplane_aeroplane_+_fog_OR_foggy_OR_smog_google_0022_0.jpg,aeroplane
collection_aeroplane_aeroplane_+_fog_OR_foggy_OR_smog_google_0023_0.jpg,aeroplane
collection_aeroplane_aeroplane_+_fog_OR_foggy_OR_smog_google_0024_0.jpg,aeroplane
collection_aeroplane_aeroplane_+_fog_OR_foggy_OR_smog_google_0025_0.jpg,aeroplane
collection_aeroplane_aeroplane_+_fog_OR_foggy_OR_smog_google_0026_0.jpg,aeroplane
collection_aeroplane_aeroplane_+_fog_OR_foggy_OR_smog_google_0027_0.jpg,aeroplane
collection_aeroplane_aeroplane_+_fog_OR_foggy_OR_smog_google_0028_0.jpg,aeroplane
collection_aeroplane_aeroplane_+_fog_OR_foggy_OR_smog_google_0028_1.jpg,aeroplane
collection_aeroplane_aeroplane_+_fog_OR_foggy_OR_smog_google_0029_0.jpg,aeroplane
collection_aeroplane_aeroplane_+_fog_OR_foggy_OR_smog_google_0031_0.jpg,aeroplane
collection_aeroplane_aeroplane_+_fog_OR_foggy_OR_smog_google_0032_0.jpg,aeroplane
collection_aeroplane_aeroplane_+_fog_OR_foggy_OR_smog_google_0033_0.jpg,aeroplane
collection_aeroplane_aeroplane_+_fog_OR_foggy_OR_smog_google_0034_0.jpg,aeroplane
collection_aeroplane_aeroplane_+_fog_OR_foggy_OR_smog_google_0035_0.jpg,aeroplane
collection_aeroplane_aeroplane_+_fog_OR_foggy_OR_smog_google_0038_0.jpg,aeroplane
collection_aeroplane_aeroplane_+_fog_OR_foggy_OR_smog_google_0039_0.jpg,aeroplane
collection_aeroplane_aeroplane_+_fog_OR_foggy_OR_smog_google_0040_0.jpg,aeroplane
collection_aeroplane_aeroplane_+_fog_OR_foggy_OR_smog_google_0043_0.jpg,aeroplane
collection_aeroplane_aeroplane_+_fog_OR_foggy_OR_smog_google_0044_0.jpg,aeroplane
collection_aeroplane_aeroplane_+_fog_OR_foggy_OR_smog_google_0045_0.jpg,aeroplane
collection_aeroplane_aeroplane_+_fog_OR_foggy_OR_smog_google_0047_0.jpg,aeroplane
collection_aeroplane_aeroplane_+_fog_OR_foggy_OR_smog_google_0048_0.jpg,aeroplane
collection_aeroplane_aeroplane_+_fog_OR_foggy_OR_smog_google_0050_0.jpg,aeroplane
collection_aeroplane_aeroplane_+_fog_OR_foggy_OR_smog_google_0051_0.jpg,aeroplane
collection_aeroplane_aeroplane_+_fog_OR_foggy_OR_smog_google_0052_0.jpg,aeroplane
collection_aeroplane_aeroplane_+_fog_OR_foggy_OR_smog_google_0055_0.jpg,aeroplane
collection_aeroplane_aeroplane_+_fog_OR_foggy_OR_smog_google_0055_1.jpg,aeroplane
collection_aeroplane_aeroplane_+_fog_OR_foggy_OR_smog_google_0057_0.jpg,aeroplane
collection_aeroplane_aeroplane_+_fog_OR_foggy_OR_smog_google_0058_0.jpg,aeroplane
collection_aeroplane_aeroplane_+_fog_OR_foggy_OR_smog_google_0058_1.jpg,aeroplane
collection_aeroplane_aeroplane_+_fog_OR_foggy_OR_smog_google_0060_0.jpg,aeroplane
collection_aeroplane_aeroplane_+_fog_OR_foggy_OR_smog_google_0061_0.jpg,aeroplane
collection_aeroplane_aeroplane_+_fog_OR_foggy_OR_smog_google_0061_1.jpg,aeroplane
collection_aeroplane_aeroplane_+_fog_OR_foggy_OR_smog_google_0062_0.jpg,aeroplane
collection_aeroplane_aeroplane_+_fog_OR_foggy_OR_smog_google_0063_0.jpg,aeroplane
collection_aeroplane_aeroplane_+_fog_OR_foggy_OR_smog_google_0066_0.jpg,aeroplane
collection_aeroplane_aeroplane_+_fog_OR_foggy_OR_smog_google_0066_1.jpg,aeroplane
collection_aeroplane_aeroplane_+_fog_OR_foggy_OR_smog_google_0069_0.jpg,aeroplane
collection_aeroplane_aeroplane_+_fog_OR_foggy_OR_smog_google_0072_0.jpg,aeroplane
collection_aeroplane_aeroplane_+_fog_OR_foggy_OR_smog_google_0074_0.jpg,aeroplane
collection_aeroplane_aeroplane_+_fog_OR_foggy_OR_smog_google_0075_0.jpg,boat
collection_aeroplane_aeroplane_+_fog_OR_foggy_OR_smog_google_0075_1.jpg,aeroplane
collection_aeroplane_aeroplane_+_fog_OR_foggy_OR_smog_google_0075_2.jpg,aeroplane
collection_aeroplane_aeroplane_+_fog_OR_foggy_OR_smog_google_0075_3.jpg,aeroplane
collection_aeroplane_aeroplane_+_fog_OR_foggy_OR_smog_google_0075_4.jpg,aeroplane
collection_aeroplane_aeroplane_+_fog_OR_foggy_OR_smog_google_0075_5.jpg,car
collection_aeroplane_aeroplane_+_fog_OR_foggy_OR_smog_google_0076_0.jpg,aeroplane
collection_aeroplane_aeroplane_+_fog_OR_foggy_OR_smog_google_0077_0.jpg,aeroplane
collection_aeroplane_aeroplane_+_fog_OR_foggy_OR_smog_google_0077_1.jpg,aeroplane
collection_aeroplane_aeroplane_+_fog_OR_foggy_OR_smog_google_0077_2.jpg,aeroplane
collection_aeroplane_aeroplane_+_fog_OR_foggy_OR_smog_google_0077_3.jpg,boat
collection_aeroplane_aeroplane_+_fog_OR_foggy_OR_smog_google_0077_4.jpg,aeroplane
collection_aeroplane_aeroplane_+_fog_OR_foggy_OR_smog_google_0078_0.jpg,aeroplane
collection_aeroplane_aeroplane_+_fog_OR_foggy_OR_smog_google_0081_0.jpg,aeroplane
collection_aeroplane_aeroplane_+_fog_OR_foggy_OR_smog_google_0082_0.jpg,aeroplane
collection_aeroplane_aeroplane_+_fog_OR_foggy_OR_smog_google_0089_0.jpg,aeroplane
collection_aeroplane_aeroplane_+_fog_OR_foggy_OR_smog_google_0091_0.jpg,aeroplane
collection_aeroplane_aeroplane_+_fog_OR_foggy_OR_smog_google_0093_0.jpg,aeroplane
collection_aeroplane_aeroplane_+_fog_OR_foggy_OR_smog_google_0093_1.jpg,aeroplane
collection_aeroplane_aeroplane_+_fog_OR_foggy_OR_smog_google_0098_0.jpg,aeroplane
collection_aeroplane_aeroplane_+_fog_OR_foggy_OR_smog_google_0101_0.jpg,aeroplane
collection_aeroplane_aeroplane_+_fog_OR_foggy_OR_smog_google_0102_0.jpg,aeroplane
collection_aeroplane_aeroplane_+_fog_OR_foggy_OR_smog_google_0110_0.jpg,aeroplane
collection_aeroplane_aeroplane_+_fog_OR_foggy_OR_smog_google_0115_0.jpg,aeroplane
collection_aeroplane_aeroplane_+_fog_OR_foggy_OR_smog_google_0118_0.jpg,aeroplane
collection_aeroplane_aeroplane_+_fog_OR_foggy_OR_smog_google_0120_0.jpg,aeroplane
collection_aeroplane_aeroplane_+_fog_OR_foggy_OR_smog_google_0122_0.jpg,aeroplane
collection_aeroplane_aeroplane_+_fog_OR_foggy_OR_smog_google_0125_0.jpg,aeroplane
collection_aeroplane_aeroplane_+_fog_OR_foggy_OR_smog_google_0128_0.jpg,aeroplane
collection_aeroplane_aeroplane_+_fog_OR_foggy_OR_smog_google_0129_0.jpg,aeroplane
collection_aeroplane_aeroplane_+_fog_OR_foggy_OR_smog_google_0132_0.jpg,aeroplane
collection_aeroplane_aeroplane_+_fog_OR_foggy_OR_smog_google_0133_0.jpg,aeroplane
collection_aeroplane_aeroplane_+_fog_OR_foggy_OR_smog_google_0136_0.jpg,aeroplane
collection_aeroplane_aeroplane_+_fog_OR_foggy_OR_smog_google_0136_1.jpg,aeroplane
collection_aeroplane_aeroplane_+_fog_OR_foggy_OR_smog_google_0138_0.jpg,aeroplane
collection_aeroplane_aeroplane_+_fog_OR_foggy_OR_smog_google_0139_0.jpg,aeroplane
collection_aeroplane_aeroplane_+_fog_OR_foggy_OR_smog_google_0139_1.jpg,aeroplane
collection_aeroplane_aeroplane_+_fog_OR_foggy_OR_smog_google_0140_0.jpg,aeroplane
collection_aeroplane_aeroplane_+_fog_OR_foggy_OR_smog_google_0142_0.jpg,aeroplane
collection_aeroplane_aeroplane_+_fog_OR_foggy_OR_smog_google_0143_0.jpg,aeroplane
collection_aeroplane_aeroplane_+_fog_OR_foggy_OR_smog_google_0144_0.jpg,aeroplane
collection_aeroplane_aeroplane_+_fog_OR_foggy_OR_smog_google_0147_0.jpg,aeroplane
collection_aeroplane_aeroplane_+_fog_OR_foggy_OR_smog_google_0147_1.jpg,aeroplane
collection_aeroplane_aeroplane_+_fog_OR_foggy_OR_smog_google_0154_0.jpg,aeroplane
collection_aeroplane_aeroplane_+_fog_OR_foggy_OR_smog_google_0155_0.jpg,aeroplane
collection_aeroplane_aeroplane_+_fog_OR_foggy_OR_smog_google_0159_0.jpg,aeroplane
collection_aeroplane_aeroplane_+_fog_OR_foggy_OR_smog_google_0160_0.jpg,aeroplane
collection_aeroplane_aeroplane_+_fog_OR_foggy_OR_smog_google_0161_0.jpg,aeroplane
collection_aeroplane_aeroplane_+_fog_OR_foggy_OR_smog_google_0168_0.jpg,aeroplane
collection_aeroplane_aeroplane_+_fog_OR_foggy_OR_smog_google_0169_0.jpg,aeroplane
collection_aeroplane_aeroplane_+_fog_OR_foggy_OR_smog_google_0175_0.jpg,aeroplane
collection_aeroplane_aeroplane_+_fog_OR_foggy_OR_smog_google_0177_0.jpg,aeroplane
collection_aeroplane_aeroplane_+_fog_OR_foggy_OR_smog_google_0179_0.jpg,aeroplane
collection_aeroplane_aeroplane_+_fog_OR_foggy_OR_smog_google_0179_1.jpg,aeroplane
collection_aeroplane_aeroplane_+_fog_OR_foggy_OR_smog_google_0181_0.jpg,aeroplane
collection_aeroplane_aeroplane_+_fog_OR_foggy_OR_smog_google_0182_0.jpg,aeroplane
collection_aeroplane_aeroplane_+_fog_OR_foggy_OR_smog_google_0184_0.jpg,aeroplane
collection_aeroplane_aeroplane_+_fog_OR_foggy_OR_smog_google_0185_0.jpg,aeroplane
collection_aeroplane_aeroplane_+_fog_OR_foggy_OR_smog_google_0186_0.jpg,aeroplane
collection_aeroplane_aeroplane_+_fog_OR_foggy_OR_smog_google_0187_0.jpg,aeroplane
collection_aeroplane_aeroplane_+_fog_OR_foggy_OR_smog_google_0189_0.jpg,aeroplane
collection_aeroplane_aeroplane_+_fog_OR_foggy_OR_smog_google_0191_0.jpg,aeroplane
collection_aeroplane_aeroplane_+_fog_OR_foggy_OR_smog_google_0192_0.jpg,aeroplane
collection_aeroplane_aeroplane_+_fog_OR_foggy_OR_smog_google_0193_0.jpg,aeroplane
collection_aeroplane_aeroplane_+_fog_OR_foggy_OR_smog_google_0194_0.jpg,aeroplane
collection_aeroplane_aeroplane_+_fog_OR_foggy_OR_smog_google_0195_0.jpg,aeroplane
collection_aeroplane_aeroplane_+_fog_OR_foggy_OR_smog_google_0198_0.jpg,aeroplane
collection_aeroplane_aeroplane_+_fog_OR_foggy_OR_smog_google_0199_0.jpg,aeroplane
collection_aeroplane_aeroplane_+_fog_OR_foggy_OR_smog_google_0200_0.jpg,aeroplane
collection_aeroplane_aeroplane_+_fog_OR_foggy_OR_smog_google_0202_0.jpg,aeroplane
collection_aeroplane_aeroplane_+_fog_OR_foggy_OR_smog_google_0203_0.jpg,aeroplane
collection_aeroplane_aeroplane_+_fog_OR_foggy_OR_smog_google_0206_0.jpg,aeroplane
collection_aeroplane_aeroplane_+_fog_OR_foggy_OR_smog_google_0207_0.jpg,aeroplane
collection_aeroplane_aeroplane_+_fog_OR_foggy_OR_smog_google_0208_0.jpg,aeroplane
collection_aeroplane_aeroplane_+_fog_OR_foggy_OR_smog_google_0210_0.jpg,aeroplane
collection_aeroplane_aeroplane_+_fog_OR_foggy_OR_smog_google_0211_0.jpg,aeroplane
collection_aeroplane_aeroplane_+_fog_OR_foggy_OR_smog_google_0216_0.jpg,aeroplane
collection_aeroplane_aeroplane_+_fog_OR_foggy_OR_smog_google_0217_0.jpg,aeroplane
collection_aeroplane_aeroplane_+_fog_OR_foggy_OR_smog_google_0223_0.jpg,aeroplane
collection_aeroplane_aeroplane_+_fog_OR_foggy_OR_smog_google_0224_0.jpg,aeroplane
collection_aeroplane_aeroplane_+_fog_OR_foggy_OR_smog_google_0226_0.jpg,aeroplane
collection_aeroplane_aeroplane_+_fog_OR_foggy_OR_smog_google_0227_0.jpg,aeroplane
collection_aeroplane_aeroplane_+_rain_OR_rainy_google_0001_0.jpg,aeroplane
collection_aeroplane_aeroplane_+_rain_OR_rainy_google_0002_0.jpg,aeroplane
collection_aeroplane_aeroplane_+_rain_OR_rainy_google_0004_0.jpg,aeroplane
collection_aeroplane_aeroplane_+_rain_OR_rainy_google_0010_0.jpg,aeroplane
collection_aeroplane_aeroplane_+_rain_OR_rainy_google_0011_0.jpg,aeroplane
collection_aeroplane_aeroplane_+_rain_OR_rainy_google_0012_0.jpg,aeroplane
collection_aeroplane_aeroplane_+_rain_OR_rainy_google_0014_0.jpg,aeroplane
collection_aeroplane_aeroplane_+_rain_OR_rainy_google_0017_0.jpg,aeroplane
collection_aeroplane_aeroplane_+_rain_OR_rainy_google_0018_0.jpg,aeroplane
collection_aeroplane_aeroplane_+_rain_OR_rainy_google_0020_0.jpg,aeroplane
collection_aeroplane_aeroplane_+_rain_OR_rainy_google_0026_0.jpg,aeroplane
collection_aeroplane_aeroplane_+_rain_OR_rainy_google_0032_0.jpg,aeroplane
collection_aeroplane_aeroplane_+_rain_OR_rainy_google_0034_0.jpg,aeroplane
collection_aeroplane_aeroplane_+_rain_OR_rainy_google_0034_1.jpg,aeroplane
collection_aeroplane_aeroplane_+_rain_OR_rainy_google_0034_2.jpg,aeroplane
collection_aeroplane_aeroplane_+_rain_OR_rainy_google_0043_0.jpg,aeroplane
collection_aeroplane_aeroplane_+_rain_OR_rainy_google_0049_0.jpg,aeroplane
collection_aeroplane_aeroplane_+_rain_OR_rainy_google_0053_0.jpg,aeroplane
collection_aeroplane_aeroplane_+_rain_OR_rainy_google_0055_0.jpg,aeroplane
collection_aeroplane_aeroplane_+_rain_OR_rainy_google_0060_0.jpg,aeroplane
collection_aeroplane_aeroplane_+_rain_OR_rainy_google_0061_0.jpg,aeroplane
collection_aeroplane_aeroplane_+_rain_OR_rainy_google_0068_0.jpg,aeroplane
collection_aeroplane_aeroplane_+_rain_OR_rainy_google_0070_0.jpg,aeroplane
collection_aeroplane_aeroplane_+_rain_OR_rainy_google_0072_0.jpg,aeroplane
collection_aeroplane_aeroplane_+_rain_OR_rainy_google_0073_0.jpg,aeroplane
collection_aeroplane_aeroplane_+_rain_OR_rainy_google_0074_0.jpg,aeroplane
collection_aeroplane_aeroplane_+_rain_OR_rainy_google_0079_0.jpg,aeroplane
collection_aeroplane_aeroplane_+_rain_OR_rainy_google_0082_0.jpg,aeroplane
collection_aeroplane_aeroplane_+_rain_OR_rainy_google_0089_0.jpg,aeroplane
collection_aeroplane_aeroplane_+_rain_OR_rainy_google_0092_0.jpg,aeroplane
collection_aeroplane_aeroplane_+_rain_OR_rainy_google_0100_0.jpg,aeroplane
collection_aeroplane_aeroplane_+_rain_OR_rainy_google_0102_0.jpg,aeroplane
collection_aeroplane_aeroplane_+_rain_OR_rainy_google_0103_0.jpg,aeroplane
collection_aeroplane_aeroplane_+_rain_OR_rainy_google_0107_0.jpg,aeroplane
collection_aeroplane_aeroplane_+_rain_OR_rainy_google_0112_0.jpg,aeroplane
collection_aeroplane_aeroplane_+_rain_OR_rainy_google_0131_0.jpg,aeroplane
collection_aeroplane_aeroplane_+_rain_OR_rainy_google_0134_0.jpg,aeroplane
collection_aeroplane_aeroplane_+_rain_OR_rainy_google_0135_0.jpg,aeroplane
collection_aeroplane_aeroplane_+_rain_OR_rainy_google_0137_0.jpg,aeroplane
collection_aeroplane_aeroplane_+_rain_OR_rainy_google_0138_0.jpg,aeroplane
collection_aeroplane_aeroplane_+_rain_OR_rainy_google_0143_0.jpg,aeroplane
collection_aeroplane_aeroplane_+_rain_OR_rainy_google_0143_1.jpg,aeroplane
collection_aeroplane_aeroplane_+_rain_OR_rainy_google_0143_2.jpg,aeroplane
collection_aeroplane_aeroplane_+_rain_OR_rainy_google_0149_0.jpg,aeroplane
collection_aeroplane_aeroplane_+_rain_OR_rainy_google_0159_0.jpg,aeroplane
collection_aeroplane_aeroplane_+_rain_OR_rainy_google_0179_0.jpg,aeroplane
collection_aeroplane_aeroplane_+_rain_OR_rainy_google_0179_1.jpg,aeroplane
collection_aeroplane_aeroplane_+_rain_OR_rainy_google_0180_0.jpg,aeroplane
collection_aeroplane_aeroplane_+_rain_OR_rainy_google_0180_1.jpg,aeroplane
collection_aeroplane_aeroplane_+_rain_OR_rainy_google_0188_0.jpg,aeroplane
collection_aeroplane_aeroplane_+_rain_OR_rainy_google_0192_0.jpg,aeroplane
collection_aeroplane_aeroplane_+_rain_OR_rainy_google_0201_0.jpg,aeroplane
collection_aeroplane_aeroplane_+_rain_OR_rainy_google_0202_0.jpg,aeroplane
collection_aeroplane_aeroplane_+_rain_OR_rainy_google_0203_0.jpg,aeroplane
collection_aeroplane_aeroplane_+_rain_OR_rainy_google_0209_0.jpg,aeroplane
collection_aeroplane_aeroplane_+_rain_OR_rainy_google_0211_0.jpg,aeroplane
collection_aeroplane_aeroplane_+_snow_OR_snowy_google_0001_0.jpg,aeroplane
collection_aeroplane_aeroplane_+_snow_OR_snowy_google_0002_0.jpg,aeroplane
collection_aeroplane_aeroplane_+_snow_OR_snowy_google_0003_0.jpg,aeroplane
collection_aeroplane_aeroplane_+_snow_OR_snowy_google_0004_0.jpg,aeroplane
collection_aeroplane_aeroplane_+_snow_OR_snowy_google_0007_0.jpg,aeroplane
collection_aeroplane_aeroplane_+_snow_OR_snowy_google_0012_0.jpg,aeroplane
collection_aeroplane_aeroplane_+_snow_OR_snowy_google_0013_0.jpg,aeroplane
collection_aeroplane_aeroplane_+_snow_OR_snowy_google_0019_0.jpg,aeroplane
collection_aeroplane_aeroplane_+_snow_OR_snowy_google_0020_1.jpg,aeroplane
collection_aeroplane_aeroplane_+_snow_OR_snowy_google_0022_0.jpg,aeroplane
collection_aeroplane_aeroplane_+_snow_OR_snowy_google_0023_0.jpg,aeroplane
collection_aeroplane_aeroplane_+_snow_OR_snowy_google_0029_0.jpg,aeroplane
collection_aeroplane_aeroplane_+_snow_OR_snowy_google_0029_1.jpg,aeroplane
collection_aeroplane_aeroplane_+_snow_OR_snowy_google_0031_0.jpg,aeroplane
collection_aeroplane_aeroplane_+_snow_OR_snowy_google_0032_0.jpg,aeroplane
collection_aeroplane_aeroplane_+_snow_OR_snowy_google_0032_1.jpg,aeroplane
collection_aeroplane_aeroplane_+_snow_OR_snowy_google_0033_0.jpg,aeroplane
collection_aeroplane_aeroplane_+_snow_OR_snowy_google_0034_0.jpg,aeroplane
collection_aeroplane_aeroplane_+_snow_OR_snowy_google_0035_0.jpg,aeroplane
collection_aeroplane_aeroplane_+_snow_OR_snowy_google_0035_1.jpg,aeroplane
collection_aeroplane_aeroplane_+_snow_OR_snowy_google_0035_2.jpg,aeroplane
collection_aeroplane_aeroplane_+_snow_OR_snowy_google_0035_3.jpg,aeroplane
collection_aeroplane_aeroplane_+_snow_OR_snowy_google_0036_0.jpg,aeroplane
collection_aeroplane_aeroplane_+_snow_OR_snowy_google_0037_0.jpg,aeroplane
collection_aeroplane_aeroplane_+_snow_OR_snowy_google_0040_0.jpg,aeroplane
collection_aeroplane_aeroplane_+_snow_OR_snowy_google_0044_0.jpg,aeroplane
collection_aeroplane_aeroplane_+_snow_OR_snowy_google_0045_0.jpg,aeroplane
collection_aeroplane_aeroplane_+_snow_OR_snowy_google_0046_0.jpg,aeroplane
collection_aeroplane_aeroplane_+_snow_OR_snowy_google_0048_0.jpg,aeroplane
collection_aeroplane_aeroplane_+_snow_OR_snowy_google_0050_0.jpg,aeroplane
collection_aeroplane_aeroplane_+_snow_OR_snowy_google_0050_1.jpg,aeroplane
collection_aeroplane_aeroplane_+_snow_OR_snowy_google_0055_0.jpg,aeroplane
collection_aeroplane_aeroplane_+_snow_OR_snowy_google_0060_0.jpg,aeroplane
collection_aeroplane_aeroplane_+_snow_OR_snowy_google_0068_0.jpg,aeroplane
collection_aeroplane_aeroplane_+_snow_OR_snowy_google_0072_0.jpg,aeroplane
collection_aeroplane_aeroplane_+_snow_OR_snowy_google_0075_0.jpg,aeroplane
collection_aeroplane_aeroplane_+_snow_OR_snowy_google_0076_0.jpg,aeroplane
collection_aeroplane_aeroplane_+_snow_OR_snowy_google_0079_0.jpg,aeroplane
collection_aeroplane_aeroplane_+_snow_OR_snowy_google_0089_0.jpg,aeroplane
collection_aeroplane_aeroplane_+_snow_OR_snowy_google_0094_0.jpg,aeroplane
collection_aeroplane_aeroplane_+_snow_OR_snowy_google_0097_0.jpg,aeroplane
collection_aeroplane_aeroplane_+_snow_OR_snowy_google_0101_0.jpg,aeroplane
collection_aeroplane_aeroplane_+_snow_OR_snowy_google_0102_0.jpg,aeroplane
collection_aeroplane_aeroplane_+_snow_OR_snowy_google_0104_0.jpg,aeroplane
collection_aeroplane_aeroplane_+_snow_OR_snowy_google_0106_0.jpg,aeroplane
collection_aeroplane_aeroplane_+_snow_OR_snowy_google_0119_0.jpg,aeroplane
collection_aeroplane_aeroplane_+_snow_OR_snowy_google_0119_1.jpg,aeroplane
collection_aeroplane_aeroplane_+_snow_OR_snowy_google_0126_0.jpg,aeroplane
collection_aeroplane_aeroplane_+_snow_OR_snowy_google_0129_0.jpg,aeroplane
collection_aeroplane_aeroplane_+_snow_OR_snowy_google_0132_0.jpg,aeroplane
collection_aeroplane_aeroplane_+_snow_OR_snowy_google_0133_0.jpg,aeroplane
collection_aeroplane_aeroplane_+_snow_OR_snowy_google_0148_0.jpg,aeroplane
collection_aeroplane_aeroplane_+_snow_OR_snowy_google_0162_5.jpg,aeroplane
collection_aeroplane_aeroplane_+_snow_OR_snowy_google_0175_0.jpg,aeroplane
collection_aeroplane_aeroplane_+_snow_OR_snowy_google_0176_0.jpg,train
collection_aeroplane_aeroplane_+_snow_OR_snowy_google_0184_0.jpg,aeroplane
collection_aeroplane_aeroplane_+_snow_OR_snowy_google_0185_0.jpg,aeroplane
collection_aeroplane_aeroplane_+_snow_OR_snowy_google_0188_0.jpg,aeroplane
collection_aeroplane_aeroplane_+_snow_OR_snowy_google_0195_0.jpg,aeroplane
collection_aeroplane_aeroplane_+_snow_OR_snowy_google_0206_0.jpg,aeroplane
collection_aeroplane_aeroplane_+_snow_OR_snowy_google_0207_0.jpg,boat
collection_aeroplane_aeroplane_+_snow_OR_snowy_google_0207_1.jpg,boat
collection_aeroplane_aeroplane_+_snow_OR_snowy_google_0220_0.jpg,aeroplane
collection_bicycle_bicycle_+_fog_OR_foggy_OR_smog_google_0000_0.jpg,bicycle
collection_bicycle_bicycle_+_fog_OR_foggy_OR_smog_google_0000_1.jpg,bicycle
collection_bicycle_bicycle_+_fog_OR_foggy_OR_smog_google_0000_2.jpg,bicycle
collection_bicycle_bicycle_+_fog_OR_foggy_OR_smog_google_0007_0.jpg,bicycle
collection_bicycle_bicycle_+_fog_OR_foggy_OR_smog_google_0007_1.jpg,bicycle
collection_bicycle_bicycle_+_fog_OR_foggy_OR_smog_google_0007_2.jpg,bicycle
collection_bicycle_bicycle_+_fog_OR_foggy_OR_smog_google_0007_3.jpg,bicycle
collection_bicycle_bicycle_+_fog_OR_foggy_OR_smog_google_0007_4.jpg,bicycle
collection_bicycle_bicycle_+_fog_OR_foggy_OR_smog_google_0007_5.jpg,bicycle
collection_bicycle_bicycle_+_fog_OR_foggy_OR_smog_google_0008_0.jpg,bicycle
collection_bicycle_bicycle_+_fog_OR_foggy_OR_smog_google_0008_1.jpg,bicycle
collection_bicycle_bicycle_+_fog_OR_foggy_OR_smog_google_0008_2.jpg,bicycle
collection_bicycle_bicycle_+_fog_OR_foggy_OR_smog_google_0009_0.jpg,bicycle
collection_bicycle_bicycle_+_fog_OR_foggy_OR_smog_google_0011_0.jpg,bicycle
collection_bicycle_bicycle_+_fog_OR_foggy_OR_smog_google_0012_0.jpg,bicycle
collection_bicycle_bicycle_+_fog_OR_foggy_OR_smog_google_0014_0.jpg,bicycle
collection_bicycle_bicycle_+_fog_OR_foggy_OR_smog_google_0019_0.jpg,bicycle
collection_bicycle_bicycle_+_fog_OR_foggy_OR_smog_google_0020_0.jpg,bicycle
collection_bicycle_bicycle_+_fog_OR_foggy_OR_smog_google_0022_0.jpg,bicycle
collection_bicycle_bicycle_+_fog_OR_foggy_OR_smog_google_0022_1.jpg,bicycle
collection_bicycle_bicycle_+_fog_OR_foggy_OR_smog_google_0023_0.jpg,bicycle
collection_bicycle_bicycle_+_fog_OR_foggy_OR_smog_google_0023_1.jpg,bicycle
collection_bicycle_bicycle_+_fog_OR_foggy_OR_smog_google_0023_2.jpg,bicycle
collection_bicycle_bicycle_+_fog_OR_foggy_OR_smog_google_0023_3.jpg,bicycle
collection_bicycle_bicycle_+_fog_OR_foggy_OR_smog_google_0023_4.jpg,motorbike
collection_bicycle_bicycle_+_fog_OR_foggy_OR_smog_google_0024_0.jpg,bicycle
collection_bicycle_bicycle_+_fog_OR_foggy_OR_smog_google_0026_0.jpg,bicycle
collection_bicycle_bicycle_+_fog_OR_foggy_OR_smog_google_0029_0.jpg,bicycle
collection_bicycle_bicycle_+_fog_OR_foggy_OR_smog_google_0030_0.jpg,bicycle
collection_bicycle_bicycle_+_fog_OR_foggy_OR_smog_google_0030_1.jpg,bicycle
collection_bicycle_bicycle_+_fog_OR_foggy_OR_smog_google_0031_0.jpg,bicycle
collection_bicycle_bicycle_+_fog_OR_foggy_OR_smog_google_0033_0.jpg,bicycle
collection_bicycle_bicycle_+_fog_OR_foggy_OR_smog_google_0040_0.jpg,motorbike
collection_bicycle_bicycle_+_fog_OR_foggy_OR_smog_google_0045_0.jpg,bicycle
collection_bicycle_bicycle_+_fog_OR_foggy_OR_smog_google_0047_0.jpg,bicycle
collection_bicycle_bicycle_+_fog_OR_foggy_OR_smog_google_0051_0.jpg,bicycle
collection_bicycle_bicycle_+_fog_OR_foggy_OR_smog_google_0051_1.jpg,bicycle
collection_bicycle_bicycle_+_fog_OR_foggy_OR_smog_google_0053_0.jpg,bicycle
collection_bicycle_bicycle_+_fog_OR_foggy_OR_smog_google_0053_1.jpg,bicycle
collection_bicycle_bicycle_+_fog_OR_foggy_OR_smog_google_0054_0.jpg,motorbike
collection_bicycle_bicycle_+_fog_OR_foggy_OR_smog_google_0063_0.jpg,bicycle
collection_bicycle_bicycle_+_fog_OR_foggy_OR_smog_google_0064_0.jpg,bicycle
collection_bicycle_bicycle_+_fog_OR_foggy_OR_smog_google_0064_1.jpg,bicycle
collection_bicycle_bicycle_+_fog_OR_foggy_OR_smog_google_0069_0.jpg,bicycle
collection_bicycle_bicycle_+_fog_OR_foggy_OR_smog_google_0070_0.jpg,bicycle
collection_bicycle_bicycle_+_fog_OR_foggy_OR_smog_google_0077_0.jpg,bicycle
collection_bicycle_bicycle_+_fog_OR_foggy_OR_smog_google_0077_1.jpg,bicycle
collection_bicycle_bicycle_+_fog_OR_foggy_OR_smog_google_0079_0.jpg,bicycle
collection_bicycle_bicycle_+_fog_OR_foggy_OR_smog_google_0081_0.jpg,bicycle
collection_bicycle_bicycle_+_fog_OR_foggy_OR_smog_google_0084_0.jpg,bicycle
collection_bicycle_bicycle_+_fog_OR_foggy_OR_smog_google_0086_0.jpg,bicycle
collection_bicycle_bicycle_+_fog_OR_foggy_OR_smog_google_0086_1.jpg,bicycle
collection_bicycle_bicycle_+_fog_OR_foggy_OR_smog_google_0097_0.jpg,boat
collection_bicycle_bicycle_+_fog_OR_foggy_OR_smog_google_0112_0.jpg,bicycle
collection_bicycle_bicycle_+_fog_OR_foggy_OR_smog_google_0121_0.jpg,bicycle
collection_bicycle_bicycle_+_fog_OR_foggy_OR_smog_google_0125_0.jpg,bicycle
collection_bicycle_bicycle_+_fog_OR_foggy_OR_smog_google_0125_1.jpg,bicycle
collection_bicycle_bicycle_+_fog_OR_foggy_OR_smog_google_0125_2.jpg,bicycle
collection_bicycle_bicycle_+_fog_OR_foggy_OR_smog_google_0126_0.jpg,bicycle
collection_bicycle_bicycle_+_fog_OR_foggy_OR_smog_google_0130_0.jpg,bicycle
collection_bicycle_bicycle_+_fog_OR_foggy_OR_smog_google_0135_0.jpg,bicycle
collection_bicycle_bicycle_+_fog_OR_foggy_OR_smog_google_0138_0.jpg,bicycle
collection_bicycle_bicycle_+_fog_OR_foggy_OR_smog_google_0142_0.jpg,bicycle
collection_bicycle_bicycle_+_fog_OR_foggy_OR_smog_google_0147_0.jpg,bicycle
collection_bicycle_bicycle_+_fog_OR_foggy_OR_smog_google_0155_0.jpg,bicycle
collection_bicycle_bicycle_+_fog_OR_foggy_OR_smog_google_0157_0.jpg,bicycle
collection_bicycle_bicycle_+_fog_OR_foggy_OR_smog_google_0162_0.jpg,bicycle
collection_bicycle_bicycle_+_fog_OR_foggy_OR_smog_google_0165_0.jpg,bicycle
collection_bicycle_bicycle_+_fog_OR_foggy_OR_smog_google_0171_0.jpg,bicycle
collection_bicycle_bicycle_+_fog_OR_foggy_OR_smog_google_0184_0.jpg,bicycle
collection_bicycle_bicycle_+_fog_OR_foggy_OR_smog_google_0185_0.jpg,bicycle
collection_bicycle_bicycle_+_fog_OR_foggy_OR_smog_google_0185_1.jpg,bicycle
collection_bicycle_bicycle_+_fog_OR_foggy_OR_smog_google_0185_2.jpg,bicycle
collection_bicycle_bicycle_+_fog_OR_foggy_OR_smog_google_0185_3.jpg,bicycle
collection_bicycle_bicycle_+_fog_OR_foggy_OR_smog_google_0190_0.jpg,bicycle
collection_bicycle_bicycle_+_fog_OR_foggy_OR_smog_google_0191_0.jpg,bicycle
collection_bicycle_bicycle_+_fog_OR_foggy_OR_smog_google_0194_0.jpg,bicycle
collection_bicycle_bicycle_+_fog_OR_foggy_OR_smog_google_0210_0.jpg,bicycle
collection_bicycle_bicycle_+_snow_OR_snowy_google_0000_0.jpg,motorbike
collection_bicycle_bicycle_+_snow_OR_snowy_google_0001_0.jpg,bicycle
collection_bicycle_bicycle_+_snow_OR_snowy_google_0002_0.jpg,bicycle
collection_bicycle_bicycle_+_snow_OR_snowy_google_0004_0.jpg,bicycle
collection_bicycle_bicycle_+_snow_OR_snowy_google_0006_0.jpg,bicycle
collection_bicycle_bicycle_+_snow_OR_snowy_google_0007_0.jpg,bicycle
collection_bicycle_bicycle_+_snow_OR_snowy_google_0007_1.jpg,bicycle
collection_bicycle_bicycle_+_snow_OR_snowy_google_0007_2.jpg,bicycle
collection_bicycle_bicycle_+_snow_OR_snowy_google_0012_0.jpg,bicycle
collection_bicycle_bicycle_+_snow_OR_snowy_google_0014_0.jpg,bicycle
collection_bicycle_bicycle_+_snow_OR_snowy_google_0016_0.jpg,bicycle
collection_bicycle_bicycle_+_snow_OR_snowy_google_0016_2.jpg,boat
collection_bicycle_bicycle_+_snow_OR_snowy_google_0021_0.jpg,motorbike
collection_bicycle_bicycle_+_snow_OR_snowy_google_0025_0.jpg,bicycle
collection_bicycle_bicycle_+_snow_OR_snowy_google_0029_0.jpg,bicycle
collection_bicycle_bicycle_+_snow_OR_snowy_google_0031_0.jpg,bicycle
collection_bicycle_bicycle_+_snow_OR_snowy_google_0032_0.jpg,bicycle
collection_bicycle_bicycle_+_snow_OR_snowy_google_0038_0.jpg,bicycle
collection_bicycle_bicycle_+_snow_OR_snowy_google_0046_0.jpg,bicycle
collection_bicycle_bicycle_+_snow_OR_snowy_google_0047_0.jpg,bicycle
collection_bicycle_bicycle_+_snow_OR_snowy_google_0047_1.jpg,bicycle
collection_bicycle_bicycle_+_snow_OR_snowy_google_0056_0.jpg,bicycle
collection_bicycle_bicycle_+_snow_OR_snowy_google_0059_0.jpg,bicycle
collection_bicycle_bicycle_+_snow_OR_snowy_google_0060_0.jpg,bicycle
collection_bicycle_bicycle_+_snow_OR_snowy_google_0062_0.jpg,bicycle
collection_bicycle_bicycle_+_snow_OR_snowy_google_0066_0.jpg,bicycle
collection_bicycle_bicycle_+_snow_OR_snowy_google_0080_0.jpg,bicycle
collection_bicycle_bicycle_+_snow_OR_snowy_google_0081_0.jpg,bicycle
collection_bicycle_bicycle_+_snow_OR_snowy_google_0083_0.jpg,bicycle
collection_bicycle_bicycle_+_snow_OR_snowy_google_0084_0.jpg,bicycle
collection_bicycle_bicycle_+_snow_OR_snowy_google_0088_0.jpg,bicycle
collection_bicycle_bicycle_+_snow_OR_snowy_google_0090_0.jpg,bicycle
collection_bicycle_bicycle_+_snow_OR_snowy_google_0094_0.jpg,bicycle
collection_bicycle_bicycle_+_snow_OR_snowy_google_0104_0.jpg,bicycle
collection_bicycle_bicycle_+_snow_OR_snowy_google_0104_1.jpg,bicycle
collection_bicycle_bicycle_+_snow_OR_snowy_google_0104_2.jpg,bicycle
collection_bicycle_bicycle_+_snow_OR_snowy_google_0104_3.jpg,bicycle
collection_bicycle_bicycle_+_snow_OR_snowy_google_0104_4.jpg,bicycle
collection_bicycle_bicycle_+_snow_OR_snowy_google_0104_5.jpg,motorbike
collection_bicycle_bicycle_+_snow_OR_snowy_google_0104_6.jpg,bicycle
collection_bicycle_bicycle_+_snow_OR_snowy_google_0104_7.jpg,bicycle
collection_bicycle_bicycle_+_snow_OR_snowy_google_0104_8.jpg,bicycle
collection_bicycle_bicycle_+_snow_OR_snowy_google_0105_0.jpg,bicycle
collection_bicycle_bicycle_+_snow_OR_snowy_google_0105_1.jpg,bicycle
collection_bicycle_bicycle_+_snow_OR_snowy_google_0111_0.jpg,bicycle
collection_bicycle_bicycle_+_snow_OR_snowy_google_0111_1.jpg,bicycle
collection_bicycle_bicycle_+_snow_OR_snowy_google_0111_2.jpg,bicycle
collection_bicycle_bicycle_+_snow_OR_snowy_google_0117_0.jpg,bicycle
collection_bicycle_bicycle_+_snow_OR_snowy_google_0123_0.jpg,bicycle
collection_bicycle_bicycle_+_snow_OR_snowy_google_0126_0.jpg,bicycle
collection_bicycle_bicycle_+_snow_OR_snowy_google_0134_0.jpg,bicycle
collection_bicycle_bicycle_+_snow_OR_snowy_google_0135_0.jpg,bicycle
collection_bicycle_bicycle_+_snow_OR_snowy_google_0140_0.jpg,bicycle
collection_bicycle_bicycle_+_snow_OR_snowy_google_0140_1.jpg,bicycle
collection_bicycle_bicycle_+_snow_OR_snowy_google_0140_2.jpg,bicycle
collection_bicycle_bicycle_+_snow_OR_snowy_google_0141_0.jpg,bicycle
collection_bicycle_bicycle_+_snow_OR_snowy_google_0141_1.jpg,bicycle
collection_bicycle_bicycle_+_snow_OR_snowy_google_0142_0.jpg,bicycle
collection_bicycle_bicycle_+_snow_OR_snowy_google_0146_0.jpg,bicycle
collection_bicycle_bicycle_+_snow_OR_snowy_google_0147_0.jpg,bicycle
collection_bicycle_bicycle_+_snow_OR_snowy_google_0152_0.jpg,bicycle
collection_bicycle_bicycle_+_snow_OR_snowy_google_0152_1.jpg,bicycle
collection_bicycle_bicycle_+_snow_OR_snowy_google_0154_0.jpg,bicycle
collection_bicycle_bicycle_+_snow_OR_snowy_google_0157_0.jpg,bicycle
collection_bicycle_bicycle_+_snow_OR_snowy_google_0160_0.jpg,bicycle
collection_bicycle_bicycle_+_snow_OR_snowy_google_0171_0.jpg,motorbike
collection_bicycle_bicycle_+_snow_OR_snowy_google_0172_0.jpg,bicycle
collection_bicycle_bicycle_+_snow_OR_snowy_google_0172_1.jpg,bicycle
collection_bicycle_bicycle_+_snow_OR_snowy_google_0181_0.jpg,bicycle
collection_bicycle_bicycle_+_snow_OR_snowy_google_0183_0.jpg,bicycle
collection_bicycle_bicycle_+_snow_OR_snowy_google_0191_0.jpg,bicycle
collection_bicycle_bicycle_+_snow_OR_snowy_google_0200_0.jpg,bicycle
collection_bicycle_bicycle_+_snow_OR_snowy_google_0205_0.jpg,bicycle
collection_bicycle_bicycle_+_snow_OR_snowy_google_0207_0.jpg,bicycle
collection_bicycle_bicycle_+_snow_OR_snowy_google_0208_0.jpg,bicycle
collection_bicycle_bicycle_+_snow_OR_snowy_google_0208_1.jpg,bicycle
collection_bicycle_bicycle_+_snow_OR_snowy_google_0208_2.jpg,bicycle
collection_bicycle_bicycle_+_snow_OR_snowy_google_0208_3.jpg,bicycle
collection_bicycle_bicycle_+_snow_OR_snowy_google_0208_4.jpg,bicycle
collection_bicycle_bicycle_+_snow_OR_snowy_google_0210_0.jpg,bicycle
collection_bicycle_bicycle_+_snow_OR_snowy_google_0220_0.jpg,bicycle
collection_bicycle_train_+_fog_OR_foggy_OR_smog_google_0110_1.jpg,bicycle
collection_boat_boat_+_fog_OR_foggy_OR_smog_google_0001_0.jpg,boat
collection_boat_boat_+_fog_OR_foggy_OR_smog_google_0002_0.jpg,aeroplane
collection_boat_boat_+_fog_OR_foggy_OR_smog_google_0003_0.jpg,aeroplane
collection_boat_boat_+_fog_OR_foggy_OR_smog_google_0004_0.jpg,boat
collection_boat_boat_+_fog_OR_foggy_OR_smog_google_0005_0.jpg,boat
collection_boat_boat_+_fog_OR_foggy_OR_smog_google_0005_1.jpg,aeroplane
collection_boat_boat_+_fog_OR_foggy_OR_smog_google_0010_0.jpg,boat
collection_boat_boat_+_fog_OR_foggy_OR_smog_google_0010_1.jpg,boat
collection_boat_boat_+_fog_OR_foggy_OR_smog_google_0010_2.jpg,boat
collection_boat_boat_+_fog_OR_foggy_OR_smog_google_0010_3.jpg,boat
collection_boat_boat_+_fog_OR_foggy_OR_smog_google_0010_4.jpg,boat
collection_boat_boat_+_fog_OR_foggy_OR_smog_google_0012_0.jpg,boat
collection_boat_boat_+_fog_OR_foggy_OR_smog_google_0018_0.jpg,boat
collection_boat_boat_+_fog_OR_foggy_OR_smog_google_0018_1.jpg,boat
collection_boat_boat_+_fog_OR_foggy_OR_smog_google_0019_0.jpg,boat
collection_boat_boat_+_fog_OR_foggy_OR_smog_google_0020_0.jpg,boat
collection_boat_boat_+_fog_OR_foggy_OR_smog_google_0021_0.jpg,boat
collection_boat_boat_+_fog_OR_foggy_OR_smog_google_0022_0.jpg,boat
collection_boat_boat_+_fog_OR_foggy_OR_smog_google_0025_0.jpg,boat
collection_boat_boat_+_fog_OR_foggy_OR_smog_google_0026_0.jpg,boat
collection_boat_boat_+_fog_OR_foggy_OR_smog_google_0027_0.jpg,train
collection_boat_boat_+_fog_OR_foggy_OR_smog_google_0028_0.jpg,boat
collection_boat_boat_+_fog_OR_foggy_OR_smog_google_0031_0.jpg,boat
collection_boat_boat_+_fog_OR_foggy_OR_smog_google_0031_1.jpg,boat
collection_boat_boat_+_fog_OR_foggy_OR_smog_google_0033_0.jpg,boat
collection_boat_boat_+_fog_OR_foggy_OR_smog_google_0033_1.jpg,boat
collection_boat_boat_+_fog_OR_foggy_OR_smog_google_0035_0.jpg,boat
collection_boat_boat_+_fog_OR_foggy_OR_smog_google_0038_0.jpg,boat
collection_boat_boat_+_fog_OR_foggy_OR_smog_google_0039_0.jpg,aeroplane
collection_boat_boat_+_fog_OR_foggy_OR_smog_google_0042_0.jpg,aeroplane
collection_boat_boat_+_fog_OR_foggy_OR_smog_google_0042_1.jpg,boat
collection_boat_boat_+_fog_OR_foggy_OR_smog_google_0042_2.jpg,boat
collection_boat_boat_+_fog_OR_foggy_OR_smog_google_0047_0.jpg,boat
collection_boat_boat_+_fog_OR_foggy_OR_smog_google_0050_0.jpg,aeroplane
collection_boat_boat_+_fog_OR_foggy_OR_smog_google_0050_1.jpg,aeroplane
collection_boat_boat_+_fog_OR_foggy_OR_smog_google_0061_0.jpg,boat
collection_boat_boat_+_fog_OR_foggy_OR_smog_google_0061_1.jpg,boat
collection_boat_boat_+_fog_OR_foggy_OR_smog_google_0070_0.jpg,boat
collection_boat_boat_+_fog_OR_foggy_OR_smog_google_0070_1.jpg,boat
collection_boat_boat_+_fog_OR_foggy_OR_smog_google_0070_2.jpg,boat
collection_boat_boat_+_fog_OR_foggy_OR_smog_google_0070_3.jpg,boat
collection_boat_boat_+_fog_OR_foggy_OR_smog_google_0070_4.jpg,boat
collection_boat_boat_+_fog_OR_foggy_OR_smog_google_0070_5.jpg,car
collection_boat_boat_+_fog_OR_foggy_OR_smog_google_0071_0.jpg,boat
collection_boat_boat_+_fog_OR_foggy_OR_smog_google_0071_1.jpg,boat
collection_boat_boat_+_fog_OR_foggy_OR_smog_google_0071_2.jpg,boat
collection_boat_boat_+_fog_OR_foggy_OR_smog_google_0072_0.jpg,boat
collection_boat_boat_+_fog_OR_foggy_OR_smog_google_0073_0.jpg,boat
collection_boat_boat_+_fog_OR_foggy_OR_smog_google_0074_0.jpg,boat
collection_boat_boat_+_fog_OR_foggy_OR_smog_google_0078_0.jpg,boat
collection_boat_boat_+_fog_OR_foggy_OR_smog_google_0079_0.jpg,boat
collection_boat_boat_+_fog_OR_foggy_OR_smog_google_0082_0.jpg,boat
collection_boat_boat_+_fog_OR_foggy_OR_smog_google_0083_0.jpg,boat
collection_boat_boat_+_fog_OR_foggy_OR_smog_google_0085_0.jpg,boat
collection_boat_boat_+_fog_OR_foggy_OR_smog_google_0086_0.jpg,boat
collection_boat_boat_+_fog_OR_foggy_OR_smog_google_0088_0.jpg,aeroplane
collection_boat_boat_+_fog_OR_foggy_OR_smog_google_0090_0.jpg,boat
collection_boat_boat_+_fog_OR_foggy_OR_smog_google_0098_0.jpg,aeroplane
collection_boat_boat_+_fog_OR_foggy_OR_smog_google_0102_0.jpg,boat
collection_boat_boat_+_fog_OR_foggy_OR_smog_google_0106_0.jpg,boat
collection_boat_boat_+_fog_OR_foggy_OR_smog_google_0107_0.jpg,boat
collection_boat_boat_+_fog_OR_foggy_OR_smog_google_0107_1.jpg,boat
collection_boat_boat_+_fog_OR_foggy_OR_smog_google_0107_2.jpg,boat
collection_boat_boat_+_fog_OR_foggy_OR_smog_google_0112_0.jpg,boat
collection_boat_boat_+_fog_OR_foggy_OR_smog_google_0113_0.jpg,sofa
collection_boat_boat_+_fog_OR_foggy_OR_smog_google_0116_0.jpg,boat
collection_boat_boat_+_fog_OR_foggy_OR_smog_google_0116_1.jpg,chair
collection_boat_boat_+_fog_OR_foggy_OR_smog_google_0119_0.jpg,boat
collection_boat_boat_+_fog_OR_foggy_OR_smog_google_0130_0.jpg,boat
collection_boat_boat_+_fog_OR_foggy_OR_smog_google_0136_0.jpg,boat
collection_boat_boat_+_fog_OR_foggy_OR_smog_google_0138_0.jpg,boat
collection_boat_boat_+_fog_OR_foggy_OR_smog_google_0138_1.jpg,boat
collection_boat_boat_+_fog_OR_foggy_OR_smog_google_0138_2.jpg,boat
collection_boat_boat_+_fog_OR_foggy_OR_smog_google_0138_3.jpg,boat
collection_boat_boat_+_fog_OR_foggy_OR_smog_google_0138_4.jpg,boat
collection_boat_boat_+_fog_OR_foggy_OR_smog_google_0138_5.jpg,boat
collection_boat_boat_+_fog_OR_foggy_OR_smog_google_0141_0.jpg,boat
collection_boat_boat_+_fog_OR_foggy_OR_smog_google_0147_0.jpg,boat
collection_boat_boat_+_fog_OR_foggy_OR_smog_google_0162_0.jpg,boat
collection_boat_boat_+_fog_OR_foggy_OR_smog_google_0162_1.jpg,boat
collection_boat_boat_+_fog_OR_foggy_OR_smog_google_0162_2.jpg,boat
collection_boat_boat_+_fog_OR_foggy_OR_smog_google_0162_3.jpg,boat
collection_boat_boat_+_fog_OR_foggy_OR_smog_google_0162_4.jpg,boat
collection_boat_boat_+_fog_OR_foggy_OR_smog_google_0162_5.jpg,boat
collection_boat_boat_+_fog_OR_foggy_OR_smog_google_0162_6.jpg,boat
collection_boat_boat_+_fog_OR_foggy_OR_smog_google_0177_0.jpg,boat
collection_boat_boat_+_fog_OR_foggy_OR_smog_google_0179_0.jpg,boat
collection_boat_boat_+_fog_OR_foggy_OR_smog_google_0184_0.jpg,boat
collection_boat_boat_+_fog_OR_foggy_OR_smog_google_0193_0.jpg,boat
collection_boat_boat_+_fog_OR_foggy_OR_smog_google_0194_0.jpg,boat
collection_boat_boat_+_fog_OR_foggy_OR_smog_google_0196_0.jpg,boat
collection_boat_boat_+_fog_OR_foggy_OR_smog_google_0197_0.jpg,boat
collection_boat_boat_+_fog_OR_foggy_OR_smog_google_0199_0.jpg,boat
collection_boat_boat_+_fog_OR_foggy_OR_smog_google_0211_0.jpg,boat
collection_boat_boat_+_fog_OR_foggy_OR_smog_naver_0000_0.jpg,boat
collection_boat_boat_+_rain_OR_rainy_google_0000_0.jpg,boat
collection_boat_boat_+_rain_OR_rainy_google_0003_0.jpg,boat
collection_boat_boat_+_rain_OR_rainy_google_0009_0.jpg,boat
collection_boat_boat_+_rain_OR_rainy_google_0011_0.jpg,boat
collection_boat_boat_+_rain_OR_rainy_google_0013_0.jpg,boat
collection_boat_boat_+_rain_OR_rainy_google_0019_0.jpg,boat
collection_boat_boat_+_rain_OR_rainy_google_0020_0.jpg,boat
collection_boat_boat_+_rain_OR_rainy_google_0023_0.jpg,boat
collection_boat_boat_+_rain_OR_rainy_google_0024_0.jpg,boat
collection_boat_boat_+_rain_OR_rainy_google_0024_1.jpg,boat
collection_boat_boat_+_rain_OR_rainy_google_0024_2.jpg,car
collection_boat_boat_+_rain_OR_rainy_google_0024_3.jpg,boat
collection_boat_boat_+_rain_OR_rainy_google_0026_0.jpg,boat
collection_boat_boat_+_rain_OR_rainy_google_0026_1.jpg,train
collection_boat_boat_+_rain_OR_rainy_google_0028_0.jpg,boat
collection_boat_boat_+_rain_OR_rainy_google_0033_0.jpg,boat
collection_boat_boat_+_rain_OR_rainy_google_0033_1.jpg,boat
collection_boat_boat_+_rain_OR_rainy_google_0033_2.jpg,car
collection_boat_boat_+_rain_OR_rainy_google_0045_0.jpg,boat
collection_boat_boat_+_rain_OR_rainy_google_0046_0.jpg,car
collection_boat_boat_+_rain_OR_rainy_google_0049_0.jpg,boat
collection_boat_boat_+_rain_OR_rainy_google_0054_0.jpg,boat
collection_boat_boat_+_rain_OR_rainy_google_0065_0.jpg,boat
collection_boat_boat_+_rain_OR_rainy_google_0068_0.jpg,boat
collection_boat_boat_+_rain_OR_rainy_google_0078_0.jpg,boat
collection_boat_boat_+_rain_OR_rainy_google_0078_1.jpg,boat
collection_boat_boat_+_rain_OR_rainy_google_0088_0.jpg,boat
collection_boat_boat_+_rain_OR_rainy_google_0092_0.jpg,boat
collection_boat_boat_+_rain_OR_rainy_google_0093_0.jpg,boat
collection_boat_boat_+_rain_OR_rainy_google_0117_0.jpg,train
collection_boat_boat_+_rain_OR_rainy_google_0126_0.jpg,boat
collection_boat_boat_+_rain_OR_rainy_google_0129_0.jpg,boat
collection_boat_boat_+_rain_OR_rainy_google_0129_1.jpg,boat
collection_boat_boat_+_rain_OR_rainy_google_0135_0.jpg,boat
collection_boat_boat_+_rain_OR_rainy_google_0137_0.jpg,boat
collection_boat_boat_+_rain_OR_rainy_google_0142_0.jpg,boat
collection_boat_boat_+_rain_OR_rainy_google_0142_1.jpg,boat
collection_boat_boat_+_rain_OR_rainy_google_0142_2.jpg,boat
collection_boat_boat_+_rain_OR_rainy_google_0144_0.jpg,boat
collection_boat_boat_+_rain_OR_rainy_google_0146_0.jpg,boat
collection_boat_boat_+_rain_OR_rainy_google_0148_0.jpg,boat
collection_boat_boat_+_rain_OR_rainy_google_0152_0.jpg,boat
collection_boat_boat_+_rain_OR_rainy_google_0154_0.jpg,boat
collection_boat_boat_+_rain_OR_rainy_google_0154_1.jpg,boat
collection_boat_boat_+_rain_OR_rainy_google_0154_2.jpg,boat
collection_boat_boat_+_rain_OR_rainy_google_0154_3.jpg,boat
collection_boat_boat_+_rain_OR_rainy_google_0154_4.jpg,aeroplane
collection_boat_boat_+_rain_OR_rainy_google_0154_5.jpg,boat
collection_boat_boat_+_rain_OR_rainy_google_0169_0.jpg,boat
collection_boat_boat_+_rain_OR_rainy_google_0180_0.jpg,boat
collection_boat_boat_+_rain_OR_rainy_google_0180_1.jpg,boat
collection_boat_boat_+_rain_OR_rainy_google_0199_0.jpg,boat
collection_boat_boat_+_snow_OR_snowy_google_0000_0.jpg,boat
collection_boat_boat_+_snow_OR_snowy_google_0001_0.jpg,sofa
collection_boat_boat_+_snow_OR_snowy_google_0002_0.jpg,boat
collection_boat_boat_+_snow_OR_snowy_google_0003_0.jpg,boat
collection_boat_boat_+_snow_OR_snowy_google_0007_0.jpg,boat
collection_boat_boat_+_snow_OR_snowy_google_0007_1.jpg,boat
collection_boat_boat_+_snow_OR_snowy_google_0007_2.jpg,boat
collection_boat_boat_+_snow_OR_snowy_google_0007_3.jpg,aeroplane
collection_boat_boat_+_snow_OR_snowy_google_0008_0.jpg,boat
collection_boat_boat_+_snow_OR_snowy_google_0009_0.jpg,diningtable
collection_boat_boat_+_snow_OR_snowy_google_0010_0.jpg,boat
collection_boat_boat_+_snow_OR_snowy_google_0011_0.jpg,boat
collection_boat_boat_+_snow_OR_snowy_google_0012_0.jpg,boat
collection_boat_boat_+_snow_OR_snowy_google_0013_0.jpg,boat
collection_boat_boat_+_snow_OR_snowy_google_0015_0.jpg,boat
collection_boat_boat_+_snow_OR_snowy_google_0017_0.jpg,boat
collection_boat_boat_+_snow_OR_snowy_google_0020_0.jpg,boat
collection_boat_boat_+_snow_OR_snowy_google_0021_0.jpg,boat
collection_boat_boat_+_snow_OR_snowy_google_0023_0.jpg,boat
collection_boat_boat_+_snow_OR_snowy_google_0026_0.jpg,boat
collection_boat_boat_+_snow_OR_snowy_google_0026_1.jpg,boat
collection_boat_boat_+_snow_OR_snowy_google_0027_0.jpg,boat
collection_boat_boat_+_snow_OR_snowy_google_0028_0.jpg,boat
collection_boat_boat_+_snow_OR_snowy_google_0030_0.jpg,boat
collection_boat_boat_+_snow_OR_snowy_google_0034_0.jpg,boat
collection_boat_boat_+_snow_OR_snowy_google_0034_1.jpg,boat
collection_boat_boat_+_snow_OR_snowy_google_0034_2.jpg,aeroplane
collection_boat_boat_+_snow_OR_snowy_google_0035_0.jpg,boat
collection_boat_boat_+_snow_OR_snowy_google_0035_1.jpg,boat
collection_boat_boat_+_snow_OR_snowy_google_0036_0.jpg,boat
collection_boat_boat_+_snow_OR_snowy_google_0043_0.jpg,boat
collection_boat_boat_+_snow_OR_snowy_google_0047_0.jpg,boat
collection_boat_boat_+_snow_OR_snowy_google_0050_0.jpg,boat
collection_boat_boat_+_snow_OR_snowy_google_0050_1.jpg,boat
collection_boat_boat_+_snow_OR_snowy_google_0052_0.jpg,boat
collection_boat_boat_+_snow_OR_snowy_google_0053_0.jpg,boat
collection_boat_boat_+_snow_OR_snowy_google_0054_0.jpg,boat
collection_boat_boat_+_snow_OR_snowy_google_0060_0.jpg,boat
collection_boat_boat_+_snow_OR_snowy_google_0060_1.jpg,boat
collection_boat_boat_+_snow_OR_snowy_google_0060_2.jpg,boat
collection_boat_boat_+_snow_OR_snowy_google_0061_0.jpg,boat
collection_boat_boat_+_snow_OR_snowy_google_0067_0.jpg,boat
collection_boat_boat_+_snow_OR_snowy_google_0069_0.jpg,boat
collection_boat_boat_+_snow_OR_snowy_google_0069_1.jpg,boat
collection_boat_boat_+_snow_OR_snowy_google_0071_0.jpg,boat
collection_boat_boat_+_snow_OR_snowy_google_0074_0.jpg,boat
collection_boat_boat_+_snow_OR_snowy_google_0076_0.jpg,boat
collection_boat_boat_+_snow_OR_snowy_google_0076_1.jpg,boat
collection_boat_boat_+_snow_OR_snowy_google_0077_0.jpg,boat
collection_boat_boat_+_snow_OR_snowy_google_0078_0.jpg,boat
collection_boat_boat_+_snow_OR_snowy_google_0081_0.jpg,boat
collection_boat_boat_+_snow_OR_snowy_google_0083_0.jpg,boat
collection_boat_boat_+_snow_OR_snowy_google_0090_0.jpg,boat
collection_boat_boat_+_snow_OR_snowy_google_0090_1.jpg,boat
collection_boat_boat_+_snow_OR_snowy_google_0090_2.jpg,boat
collection_boat_boat_+_snow_OR_snowy_google_0096_0.jpg,boat
collection_boat_boat_+_snow_OR_snowy_google_0099_0.jpg,boat
collection_boat_boat_+_snow_OR_snowy_google_0106_0.jpg,boat
collection_boat_boat_+_snow_OR_snowy_google_0107_0.jpg,boat
collection_boat_boat_+_snow_OR_snowy_google_0109_0.jpg,boat
collection_boat_boat_+_snow_OR_snowy_google_0112_0.jpg,boat
collection_boat_boat_+_snow_OR_snowy_google_0115_0.jpg,boat
collection_boat_boat_+_snow_OR_snowy_google_0119_0.jpg,boat
collection_boat_boat_+_snow_OR_snowy_google_0124_0.jpg,boat
collection_boat_boat_+_snow_OR_snowy_google_0124_1.jpg,boat
collection_boat_boat_+_snow_OR_snowy_google_0124_2.jpg,boat
collection_boat_boat_+_snow_OR_snowy_google_0126_0.jpg,boat
collection_boat_boat_+_snow_OR_snowy_google_0126_1.jpg,boat
collection_boat_boat_+_snow_OR_snowy_google_0129_0.jpg,boat
collection_boat_boat_+_snow_OR_snowy_google_0131_0.jpg,train
collection_boat_boat_+_snow_OR_snowy_google_0136_0.jpg,boat
collection_boat_boat_+_snow_OR_snowy_google_0137_0.jpg,boat
collection_boat_boat_+_snow_OR_snowy_google_0140_0.jpg,boat
collection_boat_boat_+_snow_OR_snowy_google_0146_0.jpg,boat
collection_boat_boat_+_snow_OR_snowy_google_0148_0.jpg,boat
collection_boat_boat_+_snow_OR_snowy_google_0150_0.jpg,boat
collection_boat_boat_+_snow_OR_snowy_google_0150_1.jpg,sofa
collection_boat_boat_+_snow_OR_snowy_google_0151_0.jpg,boat
collection_boat_boat_+_snow_OR_snowy_google_0151_1.jpg,boat
collection_boat_boat_+_snow_OR_snowy_google_0155_0.jpg,boat
collection_boat_boat_+_snow_OR_snowy_google_0156_0.jpg,boat
collection_boat_boat_+_snow_OR_snowy_google_0157_0.jpg,boat
collection_boat_boat_+_snow_OR_snowy_google_0160_0.jpg,boat
collection_boat_boat_+_snow_OR_snowy_google_0162_0.jpg,aeroplane
collection_boat_boat_+_snow_OR_snowy_google_0165_0.jpg,boat
collection_boat_boat_+_snow_OR_snowy_google_0176_0.jpg,boat
collection_boat_boat_+_snow_OR_snowy_google_0179_0.jpg,boat
collection_boat_boat_+_snow_OR_snowy_google_0183_0.jpg,boat
collection_boat_boat_+_snow_OR_snowy_google_0197_0.jpg,sofa
collection_boat_boat_+_snow_OR_snowy_google_0199_0.jpg,boat
collection_boat_boat_+_snow_OR_snowy_google_0200_0.jpg,boat
collection_boat_boat_+_snow_OR_snowy_google_0200_1.jpg,train
collection_boat_boat_+_snow_OR_snowy_google_0203_0.jpg,boat
collection_boat_boat_+_snow_OR_snowy_google_0204_0.jpg,boat
collection_boat_boat_+_snow_OR_snowy_google_0206_0.jpg,boat
collection_boat_boat_+_snow_OR_snowy_google_0206_1.jpg,boat
collection_boat_boat_+_snow_OR_snowy_google_0214_0.jpg,boat
collection_boat_boat_+_snow_OR_snowy_naver_0000_0.jpg,boat
collection_bus_bus_+_fog_OR_foggy_OR_smog_google_0000_0.jpg,bus
collection_bus_bus_+_fog_OR_foggy_OR_smog_google_0001_0.jpg,bus
collection_bus_bus_+_fog_OR_foggy_OR_smog_google_0002_0.jpg,bus
collection_bus_bus_+_fog_OR_foggy_OR_smog_google_0003_0.jpg,bus
collection_bus_bus_+_fog_OR_foggy_OR_smog_google_0004_0.jpg,bus
collection_bus_bus_+_fog_OR_foggy_OR_smog_google_0006_0.jpg,bus
collection_bus_bus_+_fog_OR_foggy_OR_smog_google_0008_0.jpg,bus
collection_bus_bus_+_fog_OR_foggy_OR_smog_google_0010_0.jpg,bus
collection_bus_bus_+_fog_OR_foggy_OR_smog_google_0013_0.jpg,train
collection_bus_bus_+_fog_OR_foggy_OR_smog_google_0014_0.jpg,train
collection_bus_bus_+_fog_OR_foggy_OR_smog_google_0016_0.jpg,bus
collection_bus_bus_+_fog_OR_foggy_OR_smog_google_0017_0.jpg,car
collection_bus_bus_+_fog_OR_foggy_OR_smog_google_0019_0.jpg,bus
collection_bus_bus_+_fog_OR_foggy_OR_smog_google_0024_0.jpg,bus
collection_bus_bus_+_fog_OR_foggy_OR_smog_google_0024_1.jpg,bus
collection_bus_bus_+_fog_OR_foggy_OR_smog_google_0031_0.jpg,car
collection_bus_bus_+_fog_OR_foggy_OR_smog_google_0034_0.jpg,bus
collection_bus_bus_+_fog_OR_foggy_OR_smog_google_0035_0.jpg,bus
collection_bus_bus_+_fog_OR_foggy_OR_smog_google_0041_0.jpg,bus
collection_bus_bus_+_fog_OR_foggy_OR_smog_google_0047_0.jpg,bus
collection_bus_bus_+_fog_OR_foggy_OR_smog_google_0049_0.jpg,bus
collection_bus_bus_+_fog_OR_foggy_OR_smog_google_0057_0.jpg,bus
collection_bus_bus_+_fog_OR_foggy_OR_smog_google_0059_0.jpg,bus
collection_bus_bus_+_fog_OR_foggy_OR_smog_google_0061_0.jpg,bus
collection_bus_bus_+_rain_OR_rainy_google_0002_0.jpg,bus
collection_bus_bus_+_rain_OR_rainy_google_0003_0.jpg,bus
collection_bus_bus_+_rain_OR_rainy_google_0010_0.jpg,bus
collection_bus_bus_+_rain_OR_rainy_google_0010_1.jpg,bus
collection_bus_bus_+_rain_OR_rainy_google_0012_0.jpg,bus
collection_bus_bus_+_rain_OR_rainy_google_0012_1.jpg,bus
collection_bus_bus_+_rain_OR_rainy_google_0014_0.jpg,bus
collection_bus_bus_+_rain_OR_rainy_google_0032_0.jpg,bus
collection_bus_bus_+_rain_OR_rainy_google_0032_1.jpg,bus
collection_bus_bus_+_rain_OR_rainy_google_0063_0.jpg,bus
collection_car_car_+_fog_OR_foggy_OR_smog_google_0001_0.jpg,car
collection_car_car_+_fog_OR_foggy_OR_smog_google_0003_0.jpg,car
collection_car_car_+_fog_OR_foggy_OR_smog_google_0006_0.jpg,car
collection_car_car_+_fog_OR_foggy_OR_smog_google_0006_1.jpg,car
collection_car_car_+_fog_OR_foggy_OR_smog_google_0007_0.jpg,car
collection_car_car_+_fog_OR_foggy_OR_smog_google_0007_1.jpg,car
collection_car_car_+_fog_OR_foggy_OR_smog_google_0012_0.jpg,car
collection_car_car_+_fog_OR_foggy_OR_smog_google_0013_0.jpg,car
collection_car_car_+_fog_OR_foggy_OR_smog_google_0013_1.jpg,car
collection_car_car_+_fog_OR_foggy_OR_smog_google_0013_2.jpg,car
collection_car_car_+_fog_OR_foggy_OR_smog_google_0015_0.jpg,car
collection_car_car_+_fog_OR_foggy_OR_smog_google_0016_0.jpg,car
collection_car_car_+_fog_OR_foggy_OR_smog_google_0021_0.jpg,car
collection_car_car_+_fog_OR_foggy_OR_smog_google_0029_0.jpg,car
collection_car_car_+_fog_OR_foggy_OR_smog_google_0031_0.jpg,car
collection_car_car_+_fog_OR_foggy_OR_smog_google_0033_0.jpg,train
collection_car_car_+_fog_OR_foggy_OR_smog_google_0042_0.jpg,car
collection_car_car_+_fog_OR_foggy_OR_smog_google_0051_0.jpg,car
collection_car_car_+_fog_OR_foggy_OR_smog_google_0052_0.jpg,car
collection_car_car_+_fog_OR_foggy_OR_smog_google_0057_0.jpg,car
collection_car_car_+_fog_OR_foggy_OR_smog_google_0061_0.jpg,train
collection_car_car_+_fog_OR_foggy_OR_smog_google_0063_0.jpg,train
collection_car_car_+_fog_OR_foggy_OR_smog_google_0067_0.jpg,train
collection_car_car_+_fog_OR_foggy_OR_smog_google_0073_0.jpg,car
collection_car_car_+_fog_OR_foggy_OR_smog_google_0073_1.jpg,train
collection_car_car_+_fog_OR_foggy_OR_smog_google_0073_2.jpg,sofa
collection_car_car_+_fog_OR_foggy_OR_smog_google_0075_0.jpg,car
collection_car_car_+_fog_OR_foggy_OR_smog_google_0090_0.jpg,car
collection_car_car_+_fog_OR_foggy_OR_smog_google_0095_0.jpg,train
collection_car_car_+_fog_OR_foggy_OR_smog_google_0095_1.jpg,car
collection_car_car_+_fog_OR_foggy_OR_smog_google_0095_2.jpg,train
collection_car_car_+_fog_OR_foggy_OR_smog_google_0095_3.jpg,car
collection_car_car_+_fog_OR_foggy_OR_smog_google_0101_0.jpg,car
collection_car_car_+_fog_OR_foggy_OR_smog_google_0106_0.jpg,car
collection_car_car_+_fog_OR_foggy_OR_smog_google_0106_1.jpg,car
collection_car_car_+_fog_OR_foggy_OR_smog_google_0106_2.jpg,car
collection_car_car_+_fog_OR_foggy_OR_smog_google_0106_3.jpg,car
collection_car_car_+_fog_OR_foggy_OR_smog_google_0106_4.jpg,train
collection_car_car_+_fog_OR_foggy_OR_smog_google_0106_5.jpg,aeroplane
collection_car_car_+_fog_OR_foggy_OR_smog_google_0106_6.jpg,car
collection_car_car_+_fog_OR_foggy_OR_smog_google_0106_7.jpg,car
collection_car_car_+_fog_OR_foggy_OR_smog_google_0106_8.jpg,car
collection_car_car_+_fog_OR_foggy_OR_smog_google_0106_9.jpg,train
collection_car_car_+_fog_OR_foggy_OR_smog_google_0106_10.jpg,car
collection_car_car_+_fog_OR_foggy_OR_smog_google_0106_11.jpg,train
collection_car_car_+_fog_OR_foggy_OR_smog_google_0115_0.jpg,car
collection_car_car_+_fog_OR_foggy_OR_smog_google_0124_0.jpg,car
collection_car_car_+_fog_OR_foggy_OR_smog_google_0132_0.jpg,car
collection_car_car_+_fog_OR_foggy_OR_smog_google_0137_0.jpg,train
collection_car_car_+_fog_OR_foggy_OR_smog_google_0141_0.jpg,car
collection_car_car_+_fog_OR_foggy_OR_smog_google_0168_0.jpg,train
collection_car_car_+_fog_OR_foggy_OR_smog_google_0185_0.jpg,car
collection_car_car_+_fog_OR_foggy_OR_smog_google_0185_1.jpg,car
collection_car_car_+_fog_OR_foggy_OR_smog_google_0205_0.jpg,car
collection_car_car_+_fog_OR_foggy_OR_smog_google_0205_1.jpg,car
collection_car_car_+_fog_OR_foggy_OR_smog_google_0205_2.jpg,car
collection_car_car_+_fog_OR_foggy_OR_smog_google_0205_3.jpg,car
collection_car_car_+_fog_OR_foggy_OR_smog_google_0219_0.jpg,car
collection_car_car_+_fog_OR_foggy_OR_smog_google_0222_0.jpg,car
collection_car_car_+_fog_OR_foggy_OR_smog_naver_0001_0.jpg,train
collection_car_car_+_fog_OR_foggy_OR_smog_naver_0001_1.jpg,train
collection_car_car_+_rain_OR_rainy_google_0003_0.jpg,car
collection_car_car_+_rain_OR_rainy_google_0009_0.jpg,car
collection_car_car_+_rain_OR_rainy_google_0009_1.jpg,car
collection_car_car_+_rain_OR_rainy_google_0009_2.jpg,car
collection_car_car_+_rain_OR_rainy_google_0015_0.jpg,car
collection_car_car_+_rain_OR_rainy_google_0021_0.jpg,car
collection_car_car_+_rain_OR_rainy_google_0022_0.jpg,car
collection_car_car_+_rain_OR_rainy_google_0022_1.jpg,car
collection_car_car_+_rain_OR_rainy_google_0022_2.jpg,car
collection_car_car_+_rain_OR_rainy_google_0023_0.jpg,car
collection_car_car_+_rain_OR_rainy_google_0023_1.jpg,car
collection_car_car_+_rain_OR_rainy_google_0023_2.jpg,car
collection_car_car_+_rain_OR_rainy_google_0023_3.jpg,car
collection_car_car_+_rain_OR_rainy_google_0026_0.jpg,car
collection_car_car_+_rain_OR_rainy_google_0026_1.jpg,car
collection_car_car_+_rain_OR_rainy_google_0026_2.jpg,car
collection_car_car_+_rain_OR_rainy_google_0026_3.jpg,car
collection_car_car_+_rain_OR_rainy_google_0026_4.jpg,car
collection_car_car_+_rain_OR_rainy_google_0029_0.jpg,car
collection_car_car_+_rain_OR_rainy_google_0029_1.jpg,car
collection_car_car_+_rain_OR_rainy_google_0029_2.jpg,car
collection_car_car_+_rain_OR_rainy_google_0030_0.jpg,car
collection_car_car_+_rain_OR_rainy_google_0038_0.jpg,car
collection_car_car_+_rain_OR_rainy_google_0038_1.jpg,car
collection_car_car_+_rain_OR_rainy_google_0042_0.jpg,car
collection_car_car_+_rain_OR_rainy_google_0042_1.jpg,car
collection_car_car_+_rain_OR_rainy_google_0042_2.jpg,car
collection_car_car_+_rain_OR_rainy_google_0042_3.jpg,car
collection_car_car_+_rain_OR_rainy_google_0042_4.jpg,car
collection_car_car_+_rain_OR_rainy_google_0042_5.jpg,car
collection_car_car_+_rain_OR_rainy_google_0042_6.jpg,car
collection_car_car_+_rain_OR_rainy_google_0042_7.jpg,car
collection_car_car_+_rain_OR_rainy_google_0042_8.jpg,car
collection_car_car_+_rain_OR_rainy_google_0042_9.jpg,car
collection_car_car_+_rain_OR_rainy_google_0042_10.jpg,car
collection_car_car_+_rain_OR_rainy_google_0042_11.jpg,car
collection_car_car_+_rain_OR_rainy_google_0042_12.jpg,car
collection_car_car_+_rain_OR_rainy_google_0042_13.jpg,car
collection_car_car_+_rain_OR_rainy_google_0044_0.jpg,car
collection_car_car_+_rain_OR_rainy_google_0044_1.jpg,car
collection_car_car_+_rain_OR_rainy_google_0044_2.jpg,car
collection_car_car_+_rain_OR_rainy_google_0044_3.jpg,car
collection_car_car_+_rain_OR_rainy_google_0044_4.jpg,car
collection_car_car_+_rain_OR_rainy_google_0044_5.jpg,car
collection_car_car_+_rain_OR_rainy_google_0044_6.jpg,car
collection_car_car_+_rain_OR_rainy_google_0125_0.jpg,car
collection_car_car_+_rain_OR_rainy_google_0130_0.jpg,car
collection_car_car_+_rain_OR_rainy_google_0133_0.jpg,car
collection_car_car_+_rain_OR_rainy_google_0134_0.jpg,car
collection_car_car_+_rain_OR_rainy_google_0148_0.jpg,car
collection_car_car_+_rain_OR_rainy_google_0148_1.jpg,car
collection_car_car_+_rain_OR_rainy_google_0149_0.jpg,car
collection_car_car_+_rain_OR_rainy_google_0149_1.jpg,bicycle
collection_car_car_+_rain_OR_rainy_google_0149_2.jpg,car
collection_car_car_+_rain_OR_rainy_google_0149_3.jpg,car
collection_car_car_+_rain_OR_rainy_google_0150_0.jpg,car
collection_car_car_+_rain_OR_rainy_google_0150_1.jpg,car
collection_car_car_+_rain_OR_rainy_google_0153_0.jpg,train
collection_car_car_+_rain_OR_rainy_google_0153_1.jpg,car
collection_car_car_+_rain_OR_rainy_google_0164_0.jpg,car
collection_car_car_+_rain_OR_rainy_google_0164_1.jpg,car
collection_car_car_+_rain_OR_rainy_google_0164_2.jpg,car
collection_car_car_+_rain_OR_rainy_google_0164_3.jpg,car
collection_car_car_+_rain_OR_rainy_google_0167_0.jpg,car
collection_car_car_+_rain_OR_rainy_google_0178_0.jpg,car
collection_car_car_+_rain_OR_rainy_google_0179_0.jpg,car
collection_car_car_+_rain_OR_rainy_google_0187_0.jpg,car
collection_car_car_+_rain_OR_rainy_google_0187_1.jpg,car
collection_car_car_+_rain_OR_rainy_google_0191_0.jpg,car
collection_car_car_+_rain_OR_rainy_google_0191_1.jpg,car
collection_car_car_+_rain_OR_rainy_google_0201_0.jpg,car
collection_car_car_+_rain_OR_rainy_google_0201_1.jpg,train
collection_car_car_+_rain_OR_rainy_google_0201_2.jpg,train
collection_car_car_+_rain_OR_rainy_google_0201_3.jpg,car
collection_car_car_+_rain_OR_rainy_google_0201_4.jpg,car
collection_car_car_+_rain_OR_rainy_google_0206_0.jpg,car
collection_car_car_+_rain_OR_rainy_google_0208_0.jpg,car
collection_car_car_+_rain_OR_rainy_google_0208_1.jpg,train
collection_car_car_+_rain_OR_rainy_google_0208_2.jpg,sofa
collection_car_car_+_rain_OR_rainy_google_0212_0.jpg,diningtable
collection_car_car_+_rain_OR_rainy_google_0217_0.jpg,car
collection_car_car_+_rain_OR_rainy_google_0217_1.jpg,car
collection_car_car_+_rain_OR_rainy_google_0217_2.jpg,car
collection_car_car_+_rain_OR_rainy_google_0217_3.jpg,car
collection_car_car_+_rain_OR_rainy_google_0217_4.jpg,car
collection_car_car_+_rain_OR_rainy_google_0217_5.jpg,car
collection_car_car_+_rain_OR_rainy_google_0217_6.jpg,car
collection_car_car_+_rain_OR_rainy_google_0217_7.jpg,chair
collection_car_car_+_rain_OR_rainy_google_0217_8.jpg,car
collection_car_car_+_rain_OR_rainy_google_0217_9.jpg,car
collection_car_car_+_rain_OR_rainy_google_0217_10.jpg,car
collection_car_car_+_rain_OR_rainy_google_0217_11.jpg,car
collection_car_car_+_rain_OR_rainy_google_0217_12.jpg,car
collection_car_car_+_rain_OR_rainy_google_0217_13.jpg,car
collection_car_car_+_rain_OR_rainy_google_0217_14.jpg,car
collection_car_car_+_rain_OR_rainy_google_0218_0.jpg,car
collection_car_car_+_snow_OR_snowy_google_0001_0.jpg,car
collection_car_car_+_snow_OR_snowy_google_0002_0.jpg,car
collection_car_car_+_snow_OR_snowy_google_0004_0.jpg,car
collection_car_car_+_snow_OR_snowy_google_0005_0.jpg,car
collection_car_car_+_snow_OR_snowy_google_0006_0.jpg,car
collection_car_car_+_snow_OR_snowy_google_0008_0.jpg,car
collection_car_car_+_snow_OR_snowy_google_0009_0.jpg,bus
collection_car_car_+_snow_OR_snowy_google_0009_1.jpg,car
collection_car_car_+_snow_OR_snowy_google_0009_2.jpg,car
collection_car_car_+_snow_OR_snowy_google_0009_3.jpg,car
collection_car_car_+_snow_OR_snowy_google_0010_0.jpg,car
collection_car_car_+_snow_OR_snowy_google_0013_0.jpg,car
collection_car_car_+_snow_OR_snowy_google_0014_0.jpg,car
collection_car_car_+_snow_OR_snowy_google_0015_0.jpg,car
collection_car_car_+_snow_OR_snowy_google_0018_0.jpg,car
collection_car_car_+_snow_OR_snowy_google_0019_0.jpg,car
collection_car_car_+_snow_OR_snowy_google_0019_1.jpg,car
collection_car_car_+_snow_OR_snowy_google_0019_2.jpg,car
collection_car_car_+_snow_OR_snowy_google_0019_3.jpg,car
collection_car_car_+_snow_OR_snowy_google_0020_0.jpg,car
collection_car_car_+_snow_OR_snowy_google_0021_0.jpg,sofa
collection_car_car_+_snow_OR_snowy_google_0022_0.jpg,car
collection_car_car_+_snow_OR_snowy_google_0023_0.jpg,car
collection_car_car_+_snow_OR_snowy_google_0026_0.jpg,car
collection_car_car_+_snow_OR_snowy_google_0028_0.jpg,car
collection_car_car_+_snow_OR_snowy_google_0028_1.jpg,car
collection_car_car_+_snow_OR_snowy_google_0028_2.jpg,car
collection_car_car_+_snow_OR_snowy_google_0028_3.jpg,aeroplane
collection_car_car_+_snow_OR_snowy_google_0028_4.jpg,car
collection_car_car_+_snow_OR_snowy_google_0047_0.jpg,car
collection_car_car_+_snow_OR_snowy_google_0048_0.jpg,car
collection_car_car_+_snow_OR_snowy_google_0048_1.jpg,car
collection_car_car_+_snow_OR_snowy_google_0049_0.jpg,car
collection_car_car_+_snow_OR_snowy_google_0050_0.jpg,car
collection_car_car_+_snow_OR_snowy_google_0051_0.jpg,car
collection_car_car_+_snow_OR_snowy_google_0053_0.jpg,car
collection_car_car_+_snow_OR_snowy_google_0056_0.jpg,car
collection_car_car_+_snow_OR_snowy_google_0056_1.jpg,car
collection_car_car_+_snow_OR_snowy_google_0056_2.jpg,car
collection_car_car_+_snow_OR_snowy_google_0056_3.jpg,car
collection_car_car_+_snow_OR_snowy_google_0056_4.jpg,car
collection_car_car_+_snow_OR_snowy_google_0056_5.jpg,car
collection_car_car_+_snow_OR_snowy_google_0056_6.jpg,car
collection_car_car_+_snow_OR_snowy_google_0056_7.jpg,car
collection_car_car_+_snow_OR_snowy_google_0056_8.jpg,car
collection_car_car_+_snow_OR_snowy_google_0057_0.jpg,car
collection_car_car_+_snow_OR_snowy_google_0058_0.jpg,car
collection_car_car_+_snow_OR_snowy_google_0064_0.jpg,car
collection_car_car_+_snow_OR_snowy_google_0064_1.jpg,car
collection_car_car_+_snow_OR_snowy_google_0064_2.jpg,train
collection_car_car_+_snow_OR_snowy_google_0070_0.jpg,car
collection_car_car_+_snow_OR_snowy_google_0073_0.jpg,train
collection_car_car_+_snow_OR_snowy_google_0075_0.jpg,car
collection_car_car_+_snow_OR_snowy_google_0079_0.jpg,car
collection_car_car_+_snow_OR_snowy_google_0079_1.jpg,car
collection_car_car_+_snow_OR_snowy_google_0083_0.jpg,car
collection_car_car_+_snow_OR_snowy_google_0083_1.jpg,car
collection_car_car_+_snow_OR_snowy_google_0083_2.jpg,car
collection_car_car_+_snow_OR_snowy_google_0083_3.jpg,car
collection_car_car_+_snow_OR_snowy_google_0083_4.jpg,car
collection_car_car_+_snow_OR_snowy_google_0083_5.jpg,car
collection_car_car_+_snow_OR_snowy_google_0083_6.jpg,car
collection_car_car_+_snow_OR_snowy_google_0083_7.jpg,car
collection_car_car_+_snow_OR_snowy_google_0083_8.jpg,car
collection_car_car_+_snow_OR_snowy_google_0083_9.jpg,car
collection_car_car_+_snow_OR_snowy_google_0083_10.jpg,car
collection_car_car_+_snow_OR_snowy_google_0083_11.jpg,car
collection_car_car_+_snow_OR_snowy_google_0083_12.jpg,car
collection_car_car_+_snow_OR_snowy_google_0083_13.jpg,car
collection_car_car_+_snow_OR_snowy_google_0083_14.jpg,car
collection_car_car_+_snow_OR_snowy_google_0083_15.jpg,car
collection_car_car_+_snow_OR_snowy_google_0083_16.jpg,car
collection_car_car_+_snow_OR_snowy_google_0083_17.jpg,car
collection_car_car_+_snow_OR_snowy_google_0083_18.jpg,car
collection_car_car_+_snow_OR_snowy_google_0083_19.jpg,car
collection_car_car_+_snow_OR_snowy_google_0086_0.jpg,car
collection_car_car_+_snow_OR_snowy_google_0088_0.jpg,car
collection_car_car_+_snow_OR_snowy_google_0092_0.jpg,car
collection_car_car_+_snow_OR_snowy_google_0094_0.jpg,car
collection_car_car_+_snow_OR_snowy_google_0094_1.jpg,car
collection_car_car_+_snow_OR_snowy_google_0094_2.jpg,car
collection_car_car_+_snow_OR_snowy_google_0095_0.jpg,car
collection_car_car_+_snow_OR_snowy_google_0098_0.jpg,car
collection_car_car_+_snow_OR_snowy_google_0098_1.jpg,car
collection_car_car_+_snow_OR_snowy_google_0098_2.jpg,car
collection_car_car_+_snow_OR_snowy_google_0100_0.jpg,car
collection_car_car_+_snow_OR_snowy_google_0111_0.jpg,car
collection_car_car_+_snow_OR_snowy_google_0111_1.jpg,car
collection_car_car_+_snow_OR_snowy_google_0114_0.jpg,car
collection_car_car_+_snow_OR_snowy_google_0114_1.jpg,car
collection_car_car_+_snow_OR_snowy_google_0114_2.jpg,car
collection_car_car_+_snow_OR_snowy_google_0114_3.jpg,car
collection_car_car_+_snow_OR_snowy_google_0115_0.jpg,car
collection_car_car_+_snow_OR_snowy_google_0120_0.jpg,car
collection_car_car_+_snow_OR_snowy_google_0120_1.jpg,car
collection_car_car_+_snow_OR_snowy_google_0126_0.jpg,car
collection_car_car_+_snow_OR_snowy_google_0128_0.jpg,car
collection_car_car_+_snow_OR_snowy_google_0129_0.jpg,car
collection_car_car_+_snow_OR_snowy_google_0130_0.jpg,car
collection_car_car_+_snow_OR_snowy_google_0137_0.jpg,car
collection_car_car_+_snow_OR_snowy_google_0137_1.jpg,car
collection_car_car_+_snow_OR_snowy_google_0137_2.jpg,car
collection_car_car_+_snow_OR_snowy_google_0137_3.jpg,car
collection_car_car_+_snow_OR_snowy_google_0137_4.jpg,car
collection_car_car_+_snow_OR_snowy_google_0145_0.jpg,car
collection_car_car_+_snow_OR_snowy_google_0159_0.jpg,car
collection_car_car_+_snow_OR_snowy_google_0159_1.jpg,car
collection_car_car_+_snow_OR_snowy_google_0161_0.jpg,car
collection_car_car_+_snow_OR_snowy_google_0161_1.jpg,train
collection_car_car_+_snow_OR_snowy_google_0163_0.jpg,car
collection_car_car_+_snow_OR_snowy_google_0163_1.jpg,car
collection_car_car_+_snow_OR_snowy_google_0163_2.jpg,car
collection_car_car_+_snow_OR_snowy_google_0163_3.jpg,car
collection_car_car_+_snow_OR_snowy_google_0163_4.jpg,car
collection_car_car_+_snow_OR_snowy_google_0163_5.jpg,motorbike
collection_car_car_+_snow_OR_snowy_google_0176_0.jpg,car
collection_car_car_+_snow_OR_snowy_google_0177_0.jpg,car
collection_car_car_+_snow_OR_snowy_google_0191_0.jpg,car
collection_car_car_+_snow_OR_snowy_google_0195_0.jpg,car
collection_car_car_+_snow_OR_snowy_google_0196_0.jpg,car
collection_car_car_+_snow_OR_snowy_google_0199_0.jpg,car
collection_car_car_+_snow_OR_snowy_google_0205_0.jpg,car
collection_car_car_+_snow_OR_snowy_google_0205_1.jpg,car
collection_car_car_+_snow_OR_snowy_google_0213_0.jpg,car
collection_car_car_+_snow_OR_snowy_google_0218_0.jpg,car
collection_car_car_+_snow_OR_snowy_google_0221_0.jpg,car
collection_car_car_+_snow_OR_snowy_google_0221_1.jpg,car
collection_car_car_+_snow_OR_snowy_google_0226_0.jpg,car
collection_chair_chair_in_desert_google_0000_0.jpg,chair
collection_chair_chair_in_desert_google_0001_0.jpg,chair
collection_chair_chair_in_desert_google_0002_0.jpg,chair
collection_chair_chair_in_desert_google_0003_0.jpg,chair
collection_chair_chair_in_desert_google_0004_0.jpg,chair
collection_chair_chair_in_desert_google_0006_0.jpg,chair
collection_chair_chair_in_desert_google_0009_0.jpg,chair
collection_chair_chair_in_desert_google_0010_0.jpg,chair
collection_chair_chair_in_desert_google_0011_0.jpg,chair
collection_chair_chair_in_desert_google_0012_0.jpg,chair
collection_chair_chair_in_desert_google_0013_0.jpg,chair
collection_chair_chair_in_desert_google_0014_0.jpg,chair
collection_chair_chair_in_desert_google_0015_0.jpg,chair
collection_chair_chair_in_desert_google_0015_1.jpg,chair
collection_chair_chair_in_desert_google_0015_2.jpg,chair
collection_chair_chair_in_desert_google_0015_3.jpg,chair
collection_chair_chair_in_desert_google_0017_0.jpg,chair
collection_chair_chair_in_desert_google_0021_0.jpg,chair
collection_chair_chair_in_desert_google_0031_0.jpg,chair
collection_chair_chair_in_desert_google_0031_1.jpg,chair
collection_chair_chair_in_desert_google_0034_0.jpg,chair
collection_chair_chair_in_desert_google_0038_0.jpg,chair
collection_chair_chair_in_desert_google_0038_1.jpg,chair
collection_chair_chair_in_desert_google_0043_0.jpg,chair
collection_chair_chair_in_desert_google_0047_0.jpg,chair
collection_chair_chair_in_desert_google_0053_0.jpg,chair
collection_chair_chair_in_desert_google_0056_0.jpg,chair
collection_motorbike_motorbike_+_rain_OR_rainy_google_0000_0.jpg,motorbike
collection_motorbike_motorbike_+_rain_OR_rainy_google_0001_0.jpg,motorbike
collection_motorbike_motorbike_+_rain_OR_rainy_google_0002_0.jpg,motorbike
collection_motorbike_motorbike_+_rain_OR_rainy_google_0003_0.jpg,motorbike
collection_motorbike_motorbike_+_rain_OR_rainy_google_0005_0.jpg,motorbike
collection_motorbike_motorbike_+_rain_OR_rainy_google_0007_0.jpg,motorbike
collection_motorbike_motorbike_+_rain_OR_rainy_google_0008_0.jpg,motorbike
collection_motorbike_motorbike_+_rain_OR_rainy_google_0009_0.jpg,motorbike
collection_motorbike_motorbike_+_rain_OR_rainy_google_0010_0.jpg,motorbike
collection_motorbike_motorbike_+_rain_OR_rainy_google_0011_0.jpg,motorbike
collection_motorbike_motorbike_+_rain_OR_rainy_google_0012_0.jpg,motorbike
collection_motorbike_motorbike_+_rain_OR_rainy_google_0015_0.jpg,motorbike
collection_motorbike_motorbike_+_rain_OR_rainy_google_0016_0.jpg,motorbike
collection_motorbike_motorbike_+_rain_OR_rainy_google_0017_0.jpg,motorbike
collection_motorbike_motorbike_+_rain_OR_rainy_google_0018_0.jpg,motorbike
collection_motorbike_motorbike_+_rain_OR_rainy_google_0021_0.jpg,motorbike
collection_motorbike_motorbike_+_rain_OR_rainy_google_0021_1.jpg,motorbike
collection_motorbike_motorbike_+_rain_OR_rainy_google_0022_0.jpg,motorbike
collection_motorbike_motorbike_+_rain_OR_rainy_google_0023_0.jpg,motorbike
collection_motorbike_motorbike_+_rain_OR_rainy_google_0025_0.jpg,motorbike
collection_motorbike_motorbike_+_rain_OR_rainy_google_0029_0.jpg,motorbike
collection_motorbike_motorbike_+_rain_OR_rainy_google_0030_0.jpg,motorbike
collection_motorbike_motorbike_+_rain_OR_rainy_google_0030_1.jpg,motorbike
collection_motorbike_motorbike_+_rain_OR_rainy_google_0030_2.jpg,motorbike
collection_motorbike_motorbike_+_rain_OR_rainy_google_0030_3.jpg,motorbike
collection_motorbike_motorbike_+_rain_OR_rainy_google_0030_4.jpg,motorbike
collection_motorbike_motorbike_+_rain_OR_rainy_google_0035_0.jpg,motorbike
collection_motorbike_motorbike_+_rain_OR_rainy_google_0042_0.jpg,motorbike
collection_motorbike_motorbike_+_rain_OR_rainy_google_0044_0.jpg,motorbike
collection_motorbike_motorbike_+_rain_OR_rainy_google_0048_0.jpg,motorbike
collection_motorbike_motorbike_+_rain_OR_rainy_google_0054_0.jpg,motorbike
collection_motorbike_motorbike_+_rain_OR_rainy_google_0059_0.jpg,motorbike
collection_motorbike_motorbike_+_rain_OR_rainy_google_0068_0.jpg,motorbike
collection_motorbike_motorbike_+_rain_OR_rainy_google_0080_0.jpg,motorbike
collection_motorbike_motorbike_+_rain_OR_rainy_google_0084_0.jpg,motorbike
collection_motorbike_motorbike_+_rain_OR_rainy_google_0085_0.jpg,motorbike
collection_motorbike_motorbike_+_rain_OR_rainy_google_0093_0.jpg,motorbike
collection_motorbike_motorbike_+_rain_OR_rainy_google_0094_0.jpg,motorbike
collection_motorbike_motorbike_+_rain_OR_rainy_google_0095_0.jpg,motorbike
collection_motorbike_motorbike_+_rain_OR_rainy_google_0099_0.jpg,motorbike
collection_motorbike_motorbike_+_rain_OR_rainy_google_0100_0.jpg,motorbike
collection_motorbike_motorbike_+_rain_OR_rainy_google_0105_0.jpg,motorbike
collection_motorbike_motorbike_+_rain_OR_rainy_google_0106_0.jpg,motorbike
collection_motorbike_motorbike_+_rain_OR_rainy_google_0107_0.jpg,motorbike
collection_motorbike_motorbike_+_rain_OR_rainy_google_0126_0.jpg,motorbike
collection_motorbike_motorbike_+_rain_OR_rainy_google_0126_1.jpg,motorbike
collection_motorbike_motorbike_+_rain_OR_rainy_google_0126_2.jpg,motorbike
collection_motorbike_motorbike_+_rain_OR_rainy_google_0126_3.jpg,motorbike
collection_motorbike_motorbike_+_rain_OR_rainy_google_0126_4.jpg,motorbike
collection_motorbike_motorbike_+_rain_OR_rainy_google_0133_0.jpg,motorbike
collection_motorbike_motorbike_+_rain_OR_rainy_google_0134_0.jpg,motorbike
collection_motorbike_motorbike_+_rain_OR_rainy_google_0139_0.jpg,motorbike
collection_motorbike_motorbike_+_rain_OR_rainy_google_0145_0.jpg,motorbike
collection_motorbike_motorbike_+_rain_OR_rainy_google_0160_0.jpg,motorbike
collection_motorbike_motorbike_+_rain_OR_rainy_google_0174_0.jpg,motorbike
collection_motorbike_motorbike_+_rain_OR_rainy_google_0175_0.jpg,motorbike
collection_motorbike_motorbike_+_rain_OR_rainy_google_0176_0.jpg,motorbike
collection_motorbike_motorbike_+_rain_OR_rainy_google_0178_0.jpg,motorbike
collection_motorbike_motorbike_+_rain_OR_rainy_google_0190_0.jpg,motorbike
collection_motorbike_motorbike_+_rain_OR_rainy_google_0203_0.jpg,motorbike
collection_motorbike_motorbike_+_rain_OR_rainy_google_0237_0.jpg,motorbike
collection_motorbike_motorbike_+_snow_OR_snowy_google_0000_0.jpg,motorbike
collection_motorbike_motorbike_+_snow_OR_snowy_google_0001_0.jpg,motorbike
collection_motorbike_motorbike_+_snow_OR_snowy_google_0002_0.jpg,motorbike
collection_motorbike_motorbike_+_snow_OR_snowy_google_0003_0.jpg,motorbike
collection_motorbike_motorbike_+_snow_OR_snowy_google_0004_0.jpg,motorbike
collection_motorbike_motorbike_+_snow_OR_snowy_google_0007_0.jpg,motorbike
collection_motorbike_motorbike_+_snow_OR_snowy_google_0008_0.jpg,motorbike
collection_motorbike_motorbike_+_snow_OR_snowy_google_0009_0.jpg,motorbike
collection_motorbike_motorbike_+_snow_OR_snowy_google_0010_0.jpg,motorbike
collection_motorbike_motorbike_+_snow_OR_snowy_google_0011_0.jpg,motorbike
collection_motorbike_motorbike_+_snow_OR_snowy_google_0012_0.jpg,motorbike
collection_motorbike_motorbike_+_snow_OR_snowy_google_0013_0.jpg,motorbike
collection_motorbike_motorbike_+_snow_OR_snowy_google_0014_0.jpg,motorbike
collection_motorbike_motorbike_+_snow_OR_snowy_google_0015_0.jpg,motorbike
collection_motorbike_motorbike_+_snow_OR_snowy_google_0017_0.jpg,motorbike
collection_motorbike_motorbike_+_snow_OR_snowy_google_0018_0.jpg,motorbike
collection_motorbike_motorbike_+_snow_OR_snowy_google_0018_1.jpg,motorbike
collection_motorbike_motorbike_+_snow_OR_snowy_google_0018_2.jpg,motorbike
collection_motorbike_motorbike_+_snow_OR_snowy_google_0019_0.jpg,motorbike
collection_motorbike_motorbike_+_snow_OR_snowy_google_0020_0.jpg,motorbike
collection_motorbike_motorbike_+_snow_OR_snowy_google_0022_0.jpg,motorbike
collection_motorbike_motorbike_+_snow_OR_snowy_google_0024_0.jpg,motorbike
collection_motorbike_motorbike_+_snow_OR_snowy_google_0025_0.jpg,motorbike
collection_motorbike_motorbike_+_snow_OR_snowy_google_0027_0.jpg,motorbike
collection_motorbike_motorbike_+_snow_OR_snowy_google_0028_0.jpg,motorbike
collection_motorbike_motorbike_+_snow_OR_snowy_google_0031_0.jpg,motorbike
collection_motorbike_motorbike_+_snow_OR_snowy_google_0033_0.jpg,motorbike
collection_motorbike_motorbike_+_snow_OR_snowy_google_0034_0.jpg,motorbike
collection_motorbike_motorbike_+_snow_OR_snowy_google_0035_0.jpg,motorbike
collection_motorbike_motorbike_+_snow_OR_snowy_google_0036_0.jpg,motorbike
collection_motorbike_motorbike_+_snow_OR_snowy_google_0040_0.jpg,motorbike
collection_motorbike_motorbike_+_snow_OR_snowy_google_0041_0.jpg,motorbike
collection_motorbike_motorbike_+_snow_OR_snowy_google_0042_0.jpg,motorbike
collection_motorbike_motorbike_+_snow_OR_snowy_google_0044_0.jpg,motorbike
collection_motorbike_motorbike_+_snow_OR_snowy_google_0045_0.jpg,motorbike
collection_motorbike_motorbike_+_snow_OR_snowy_google_0046_0.jpg,motorbike
collection_motorbike_motorbike_+_snow_OR_snowy_google_0047_0.jpg,motorbike
collection_motorbike_motorbike_+_snow_OR_snowy_google_0050_0.jpg,sofa
collection_motorbike_motorbike_+_snow_OR_snowy_google_0051_0.jpg,motorbike
collection_motorbike_motorbike_+_snow_OR_snowy_google_0052_0.jpg,motorbike
collection_motorbike_motorbike_+_snow_OR_snowy_google_0055_0.jpg,motorbike
collection_motorbike_motorbike_+_snow_OR_snowy_google_0058_0.jpg,motorbike
collection_motorbike_motorbike_+_snow_OR_snowy_google_0059_0.jpg,motorbike
collection_motorbike_motorbike_+_snow_OR_snowy_google_0061_0.jpg,motorbike
collection_motorbike_motorbike_+_snow_OR_snowy_google_0067_0.jpg,motorbike
collection_motorbike_motorbike_+_snow_OR_snowy_google_0069_0.jpg,motorbike
collection_motorbike_motorbike_+_snow_OR_snowy_google_0074_0.jpg,motorbike
collection_motorbike_motorbike_+_snow_OR_snowy_google_0083_0.jpg,motorbike
collection_motorbike_motorbike_+_snow_OR_snowy_google_0085_0.jpg,motorbike
collection_motorbike_motorbike_+_snow_OR_snowy_google_0085_1.jpg,motorbike
collection_motorbike_motorbike_+_snow_OR_snowy_google_0086_0.jpg,motorbike
collection_motorbike_motorbike_+_snow_OR_snowy_google_0089_0.jpg,motorbike
collection_motorbike_motorbike_+_snow_OR_snowy_google_0091_0.jpg,motorbike
collection_motorbike_motorbike_+_snow_OR_snowy_google_0094_0.jpg,motorbike
collection_motorbike_motorbike_+_snow_OR_snowy_google_0100_0.jpg,motorbike
collection_motorbike_motorbike_+_snow_OR_snowy_google_0101_0.jpg,motorbike
collection_motorbike_motorbike_+_snow_OR_snowy_google_0102_0.jpg,motorbike
collection_motorbike_motorbike_+_snow_OR_snowy_google_0104_0.jpg,motorbike
collection_motorbike_motorbike_+_snow_OR_snowy_google_0104_1.jpg,motorbike
collection_motorbike_motorbike_+_snow_OR_snowy_google_0104_2.jpg,motorbike
collection_motorbike_motorbike_+_snow_OR_snowy_google_0104_3.jpg,motorbike
collection_motorbike_motorbike_+_snow_OR_snowy_google_0111_0.jpg,motorbike
collection_motorbike_motorbike_+_snow_OR_snowy_google_0124_0.jpg,motorbike
collection_motorbike_motorbike_+_snow_OR_snowy_google_0125_0.jpg,motorbike
collection_motorbike_motorbike_+_snow_OR_snowy_google_0150_0.jpg,motorbike
collection_motorbike_motorbike_+_snow_OR_snowy_google_0182_0.jpg,motorbike
collection_motorbike_motorbike_+_snow_OR_snowy_google_0210_0.jpg,motorbike
collection_motorbike_motorbike_+_snow_OR_snowy_google_0221_0.jpg,motorbike
collection_motorbike_motorbike_+_snow_OR_snowy_google_0223_0.jpg,motorbike
collection_motorbike_motorbike_+_snow_OR_snowy_naver_0000_0.jpg,motorbike
collection_motorbike_motorbike_in_foggy_day_google_0008_0.jpg,motorbike
collection_motorbike_motorbike_in_foggy_day_google_0008_1.jpg,train
collection_motorbike_motorbike_in_foggy_day_google_0009_0.jpg,aeroplane
collection_motorbike_motorbike_in_foggy_day_google_0015_0.jpg,motorbike
collection_motorbike_motorbike_in_foggy_day_google_0023_0.jpg,motorbike
collection_motorbike_motorbike_in_foggy_day_google_0025_0.jpg,motorbike
collection_motorbike_motorbike_in_foggy_day_google_0028_0.jpg,motorbike
collection_motorbike_motorbike_in_foggy_day_google_0032_0.jpg,motorbike
collection_motorbike_motorbike_in_foggy_day_google_0051_0.jpg,motorbike
collection_motorbike_motorbike_in_foggy_day_google_0055_0.jpg,motorbike
collection_motorbike_motorbike_in_foggy_day_google_0060_0.jpg,motorbike
collection_motorbike_motorbike_in_foggy_day_google_0065_0.jpg,motorbike
collection_motorbike_motorbike_in_foggy_day_google_0066_0.jpg,motorbike
collection_motorbike_motorbike_in_foggy_day_google_0067_0.jpg,motorbike
collection_motorbike_motorbike_in_foggy_day_google_0067_1.jpg,motorbike
collection_motorbike_motorbike_in_foggy_day_google_0077_0.jpg,motorbike
collection_motorbike_motorbike_in_foggy_day_google_0077_1.jpg,motorbike
collection_motorbike_motorbike_in_foggy_day_google_0081_0.jpg,motorbike
collection_motorbike_motorbike_in_foggy_day_google_0081_1.jpg,motorbike
collection_motorbike_motorbike_in_foggy_day_google_0081_2.jpg,motorbike
collection_motorbike_motorbike_in_foggy_day_google_0081_3.jpg,motorbike
collection_motorbike_motorbike_in_foggy_day_google_0082_0.jpg,motorbike
collection_motorbike_motorbike_in_foggy_day_google_0086_0.jpg,motorbike
collection_motorbike_motorbike_in_foggy_day_google_0086_1.jpg,motorbike
collection_motorbike_motorbike_in_foggy_day_google_0089_0.jpg,motorbike
collection_motorbike_motorbike_in_foggy_day_google_0094_0.jpg,motorbike
collection_motorbike_motorbike_in_foggy_day_google_0094_1.jpg,motorbike
collection_motorbike_motorbike_in_foggy_day_google_0111_0.jpg,motorbike
collection_motorbike_motorbike_in_foggy_day_google_0120_0.jpg,motorbike
collection_motorbike_motorbike_in_foggy_day_google_0120_1.jpg,motorbike
collection_motorbike_motorbike_in_foggy_day_google_0138_0.jpg,motorbike
collection_motorbike_motorbike_in_foggy_day_google_0138_1.jpg,motorbike
collection_motorbike_motorbike_in_foggy_day_google_0145_0.jpg,motorbike
collection_motorbike_motorbike_in_foggy_day_google_0145_1.jpg,motorbike
collection_motorbike_motorbike_in_foggy_day_google_0145_2.jpg,motorbike
collection_motorbike_motorbike_in_foggy_day_google_0145_3.jpg,motorbike
collection_motorbike_motorbike_in_foggy_day_google_0154_0.jpg,motorbike
collection_motorbike_motorbike_in_foggy_day_google_0168_0.jpg,motorbike
collection_motorbike_motorbike_in_foggy_day_google_0168_1.jpg,motorbike
collection_motorbike_motorbike_in_foggy_day_google_0179_0.jpg,motorbike
collection_motorbike_motorbike_in_foggy_day_google_0184_0.jpg,motorbike
collection_train_train_+_rain_OR_rainy_google_0000_0.jpg,train
collection_train_train_+_rain_OR_rainy_google_0001_0.jpg,train
collection_train_train_+_rain_OR_rainy_google_0005_0.jpg,train
collection_train_train_+_rain_OR_rainy_google_0007_0.jpg,train
collection_train_train_+_rain_OR_rainy_google_0008_0.jpg,train
collection_train_train_+_rain_OR_rainy_google_0013_0.jpg,train
collection_train_train_+_rain_OR_rainy_google_0014_0.jpg,train
collection_train_train_+_rain_OR_rainy_google_0019_0.jpg,train
collection_train_train_+_rain_OR_rainy_google_0026_0.jpg,train
collection_train_train_+_rain_OR_rainy_google_0027_0.jpg,train
collection_train_train_+_rain_OR_rainy_google_0030_0.jpg,train
collection_train_train_+_rain_OR_rainy_google_0031_0.jpg,train
collection_train_train_+_rain_OR_rainy_google_0033_0.jpg,train
collection_train_train_+_rain_OR_rainy_google_0034_0.jpg,train
collection_train_train_+_rain_OR_rainy_google_0036_0.jpg,train
collection_train_train_+_rain_OR_rainy_google_0041_0.jpg,train
collection_train_train_+_rain_OR_rainy_google_0042_0.jpg,train
collection_train_train_+_rain_OR_rainy_google_0043_0.jpg,train
collection_train_train_+_rain_OR_rainy_google_0044_0.jpg,train
collection_train_train_+_rain_OR_rainy_google_0045_0.jpg,train
collection_train_train_+_rain_OR_rainy_google_0046_0.jpg,train
collection_train_train_+_rain_OR_rainy_google_0047_0.jpg,train
collection_train_train_+_rain_OR_rainy_google_0050_0.jpg,train
collection_train_train_+_rain_OR_rainy_google_0051_0.jpg,train
collection_train_train_+_rain_OR_rainy_google_0053_0.jpg,train
collection_train_train_+_rain_OR_rainy_google_0055_0.jpg,train
collection_train_train_+_rain_OR_rainy_google_0056_0.jpg,train
collection_train_train_+_rain_OR_rainy_google_0057_0.jpg,train
collection_train_train_+_rain_OR_rainy_google_0058_0.jpg,train
collection_train_train_+_rain_OR_rainy_google_0060_0.jpg,train
collection_train_train_+_rain_OR_rainy_google_0062_0.jpg,train
collection_train_train_+_rain_OR_rainy_google_0063_0.jpg,train
collection_train_train_+_rain_OR_rainy_google_0064_0.jpg,train
collection_train_train_+_rain_OR_rainy_google_0068_0.jpg,train
collection_train_train_+_rain_OR_rainy_google_0075_0.jpg,train
collection_train_train_+_rain_OR_rainy_google_0078_0.jpg,train
collection_train_train_+_rain_OR_rainy_google_0081_0.jpg,train
collection_train_train_+_rain_OR_rainy_google_0085_0.jpg,train
collection_train_train_+_rain_OR_rainy_google_0101_0.jpg,train
collection_train_train_+_rain_OR_rainy_google_0102_0.jpg,train
collection_train_train_+_rain_OR_rainy_google_0112_0.jpg,train
collection_train_train_+_rain_OR_rainy_google_0115_0.jpg,train
collection_train_train_+_rain_OR_rainy_google_0122_0.jpg,train
collection_train_train_+_rain_OR_rainy_google_0124_0.jpg,train
collection_train_train_+_rain_OR_rainy_google_0125_0.jpg,train
collection_train_train_+_rain_OR_rainy_google_0135_0.jpg,train
collection_train_train_+_rain_OR_rainy_google_0144_0.jpg,train
collection_train_train_+_rain_OR_rainy_google_0152_0.jpg,boat
collection_train_train_+_rain_OR_rainy_google_0154_0.jpg,train
collection_train_train_+_rain_OR_rainy_google_0159_0.jpg,train
collection_train_train_+_rain_OR_rainy_google_0160_0.jpg,train
collection_train_train_+_rain_OR_rainy_google_0180_0.jpg,train
collection_train_train_+_rain_OR_rainy_google_0187_0.jpg,train
collection_train_train_+_rain_OR_rainy_google_0190_0.jpg,train
collection_train_train_+_rain_OR_rainy_google_0197_0.jpg,train
collection_train_train_+_rain_OR_rainy_google_0210_0.jpg,train
collection_train_train_+_rain_OR_rainy_google_0210_1.jpg,train
collection_train_train_+_rain_OR_rainy_google_0211_0.jpg,train
collection_train_train_+_rain_OR_rainy_google_0224_0.jpg,train
collection_train_train_+_rain_OR_rainy_google_0226_0.jpg,train
collection_train_train_+_rain_OR_rainy_google_0227_0.jpg,train
collection_train_train_+_snow_OR_snowy_google_0001_0.jpg,train
collection_train_train_+_snow_OR_snowy_google_0002_0.jpg,train
collection_train_train_+_snow_OR_snowy_google_0003_0.jpg,train
collection_train_train_+_snow_OR_snowy_google_0004_0.jpg,train
collection_train_train_+_snow_OR_snowy_google_0006_0.jpg,train
collection_train_train_+_snow_OR_snowy_google_0010_0.jpg,train
collection_train_train_+_snow_OR_snowy_google_0011_0.jpg,train
collection_train_train_+_snow_OR_snowy_google_0012_0.jpg,train
collection_train_train_+_snow_OR_snowy_google_0014_0.jpg,train
collection_train_train_+_snow_OR_snowy_google_0015_0.jpg,train
collection_train_train_+_snow_OR_snowy_google_0017_0.jpg,aeroplane
collection_train_train_+_snow_OR_snowy_google_0019_0.jpg,train
collection_train_train_+_snow_OR_snowy_google_0021_0.jpg,train
collection_train_train_+_snow_OR_snowy_google_0024_0.jpg,train
collection_train_train_+_snow_OR_snowy_google_0025_0.jpg,train
collection_train_train_+_snow_OR_snowy_google_0026_0.jpg,train
collection_train_train_+_snow_OR_snowy_google_0029_0.jpg,train
collection_train_train_+_snow_OR_snowy_google_0030_0.jpg,boat
collection_train_train_+_snow_OR_snowy_google_0031_0.jpg,train
collection_train_train_+_snow_OR_snowy_google_0035_0.jpg,train
collection_train_train_+_snow_OR_snowy_google_0036_0.jpg,train
collection_train_train_+_snow_OR_snowy_google_0037_0.jpg,train
collection_train_train_+_snow_OR_snowy_google_0038_0.jpg,train
collection_train_train_+_snow_OR_snowy_google_0041_0.jpg,train
collection_train_train_+_snow_OR_snowy_google_0046_0.jpg,train
collection_train_train_+_snow_OR_snowy_google_0050_0.jpg,train
collection_train_train_+_snow_OR_snowy_google_0052_0.jpg,train
collection_train_train_+_snow_OR_snowy_google_0057_0.jpg,train
collection_train_train_+_snow_OR_snowy_google_0058_0.jpg,train
collection_train_train_+_snow_OR_snowy_google_0062_0.jpg,train
collection_train_train_+_snow_OR_snowy_google_0067_0.jpg,train
collection_train_train_+_snow_OR_snowy_google_0068_0.jpg,train
collection_train_train_+_snow_OR_snowy_google_0069_0.jpg,train
collection_train_train_+_snow_OR_snowy_google_0070_0.jpg,train
collection_train_train_+_snow_OR_snowy_google_0074_0.jpg,train
collection_train_train_+_snow_OR_snowy_google_0076_0.jpg,train
collection_train_train_+_snow_OR_snowy_google_0077_0.jpg,train
collection_train_train_+_snow_OR_snowy_google_0079_0.jpg,train
collection_train_train_+_snow_OR_snowy_google_0083_0.jpg,train
collection_train_train_+_snow_OR_snowy_google_0084_0.jpg,train
collection_train_train_+_snow_OR_snowy_google_0088_0.jpg,train
collection_train_train_+_snow_OR_snowy_google_0090_0.jpg,train
collection_train_train_+_snow_OR_snowy_google_0092_0.jpg,train
collection_train_train_+_snow_OR_snowy_google_0097_0.jpg,train
collection_train_train_+_snow_OR_snowy_google_0099_0.jpg,train
collection_train_train_+_snow_OR_snowy_google_0101_0.jpg,train
collection_train_train_+_snow_OR_snowy_google_0107_0.jpg,train
collection_train_train_+_snow_OR_snowy_google_0108_0.jpg,car
collection_train_train_+_snow_OR_snowy_google_0111_0.jpg,train
collection_train_train_+_snow_OR_snowy_google_0112_0.jpg,train
collection_train_train_+_snow_OR_snowy_google_0115_0.jpg,train
collection_train_train_+_snow_OR_snowy_google_0116_0.jpg,train
collection_train_train_+_snow_OR_snowy_google_0119_0.jpg,train
collection_train_train_+_snow_OR_snowy_google_0124_0.jpg,train
collection_train_train_+_snow_OR_snowy_google_0125_0.jpg,train
collection_train_train_+_snow_OR_snowy_google_0127_0.jpg,train
collection_train_train_+_snow_OR_snowy_google_0130_0.jpg,train
collection_train_train_+_snow_OR_snowy_google_0133_0.jpg,train
collection_train_train_+_snow_OR_snowy_google_0134_0.jpg,train
collection_train_train_+_snow_OR_snowy_google_0136_0.jpg,train
collection_train_train_+_snow_OR_snowy_google_0137_0.jpg,train
collection_train_train_+_snow_OR_snowy_google_0138_0.jpg,train
collection_train_train_+_snow_OR_snowy_google_0142_0.jpg,train
collection_train_train_+_snow_OR_snowy_google_0143_0.jpg,train
collection_train_train_+_snow_OR_snowy_google_0145_0.jpg,train
collection_train_train_+_snow_OR_snowy_google_0146_0.jpg,train
collection_train_train_+_snow_OR_snowy_google_0147_0.jpg,train
collection_train_train_+_snow_OR_snowy_google_0148_0.jpg,train
collection_train_train_+_snow_OR_snowy_google_0149_0.jpg,train
collection_train_train_+_snow_OR_snowy_google_0151_0.jpg,train
collection_train_train_+_snow_OR_snowy_google_0152_0.jpg,train
collection_train_train_+_snow_OR_snowy_google_0155_0.jpg,train
collection_train_train_+_snow_OR_snowy_google_0157_0.jpg,train
collection_train_train_+_snow_OR_snowy_google_0158_0.jpg,car
collection_train_train_+_snow_OR_snowy_google_0160_0.jpg,train
collection_train_train_+_snow_OR_snowy_google_0161_0.jpg,train
collection_train_train_+_snow_OR_snowy_google_0164_0.jpg,train
collection_train_train_+_snow_OR_snowy_google_0166_0.jpg,train
collection_train_train_+_snow_OR_snowy_google_0168_0.jpg,train
collection_train_train_+_snow_OR_snowy_google_0175_0.jpg,train
collection_train_train_+_snow_OR_snowy_google_0176_0.jpg,train
collection_train_train_+_snow_OR_snowy_google_0177_0.jpg,boat
collection_train_train_+_snow_OR_snowy_google_0178_0.jpg,train
collection_train_train_+_snow_OR_snowy_google_0181_0.jpg,train
collection_train_train_+_snow_OR_snowy_google_0186_0.jpg,train
collection_train_train_+_snow_OR_snowy_google_0187_0.jpg,train
collection_train_train_+_snow_OR_snowy_google_0188_0.jpg,train
collection_train_train_+_snow_OR_snowy_google_0191_0.jpg,train
collection_train_train_+_snow_OR_snowy_google_0192_0.jpg,train
collection_train_train_+_snow_OR_snowy_google_0195_0.jpg,train
collection_train_train_+_snow_OR_snowy_google_0196_0.jpg,train
collection_train_train_+_snow_OR_snowy_google_0199_0.jpg,train
collection_train_train_+_snow_OR_snowy_google_0200_0.jpg,train
collection_train_train_+_snow_OR_snowy_google_0201_0.jpg,train
collection_train_train_+_snow_OR_snowy_google_0203_0.jpg,bus
collection_train_train_+_snow_OR_snowy_google_0204_0.jpg,train
collection_train_train_+_snow_OR_snowy_google_0206_0.jpg,bus
collection_train_train_+_snow_OR_snowy_google_0209_0.jpg,train
collection_train_train_+_snow_OR_snowy_google_0210_0.jpg,train
collection_train_train_+_snow_OR_snowy_google_0215_0.jpg,train
collection_train_train_+_snow_OR_snowy_google_0220_0.jpg,train
collection_train_train_+_snow_OR_snowy_google_0222_0.jpg,train
collection_train_train_+_snow_OR_snowy_google_0223_0.jpg,train
collection_train_train_+_snow_OR_snowy_naver_0006_0.jpg,train
