imgs,pred
pascal_aeroplane_2008_000033_0.jpg,aeroplane
pascal_aeroplane_2008_000037_0.jpg,aeroplane
pascal_aeroplane_2008_000151_0.jpg,aeroplane
pascal_aeroplane_2008_000756_0.jpg,aeroplane
pascal_aeroplane_2008_000756_1.jpg,aeroplane
pascal_aeroplane_2008_001719_0.jpg,aeroplane
pascal_aeroplane_2008_002221_0.jpg,aeroplane
pascal_aeroplane_2008_003041_0.jpg,aeroplane
pascal_aeroplane_2008_003575_0.jpg,aeroplane
pascal_aeroplane_2008_003788_0.jpg,aeroplane
pascal_aeroplane_2008_004100_0.jpg,aeroplane
pascal_aeroplane_2008_004631_0.jpg,aeroplane
pascal_aeroplane_2008_004739_0.jpg,aeroplane
pascal_aeroplane_2008_004917_0.jpg,aeroplane
pascal_aeroplane_2008_004917_1.jpg,aeroplane
pascal_aeroplane_2008_005443_0.jpg,aeroplane
pascal_aeroplane_2008_005834_0.jpg,aeroplane
pascal_aeroplane_2008_006564_0.jpg,aeroplane
pascal_aeroplane_2008_006623_0.jpg,aeroplane
pascal_aeroplane_2008_007161_0.jpg,aeroplane
pascal_aeroplane_2008_007211_0.jpg,aeroplane
pascal_aeroplane_2008_007357_0.jpg,aeroplane
pascal_aeroplane_2008_008180_0.jpg,aeroplane
pascal_aeroplane_2008_008180_1.jpg,aeroplane
pascal_aeroplane_2008_008247_0.jpg,boat
pascal_aeroplane_2008_008247_1.jpg,boat
pascal_aeroplane_2008_008263_0.jpg,aeroplane
pascal_aeroplane_2008_008300_0.jpg,aeroplane
pascal_aeroplane_2008_008464_0.jpg,aeroplane
pascal_aeroplane_2008_008496_0.jpg,aeroplane
pascal_aeroplane_2008_008507_0.jpg,aeroplane
pascal_aeroplane_2008_008546_0.jpg,aeroplane
pascal_aeroplane_2009_000122_0.jpg,aeroplane
pascal_aeroplane_2009_000133_0.jpg,aeroplane
pascal_aeroplane_2009_000159_0.jpg,aeroplane
pascal_aeroplane_2009_000159_1.jpg,aeroplane
pascal_aeroplane_2009_000320_0.jpg,aeroplane
pascal_aeroplane_2009_000320_1.jpg,aeroplane
pascal_aeroplane_2009_000320_2.jpg,aeroplane
pascal_aeroplane_2009_000320_3.jpg,aeroplane
pascal_aeroplane_2009_000320_4.jpg,aeroplane
pascal_aeroplane_2009_000320_5.jpg,aeroplane
pascal_aeroplane_2009_000320_6.jpg,aeroplane
pascal_aeroplane_2009_000320_7.jpg,aeroplane
pascal_aeroplane_2009_000367_0.jpg,aeroplane
pascal_aeroplane_2009_000367_1.jpg,aeroplane
pascal_aeroplane_2009_000500_0.jpg,aeroplane
pascal_aeroplane_2009_000662_0.jpg,aeroplane
pascal_aeroplane_2009_000801_0.jpg,aeroplane
pascal_aeroplane_2009_001027_0.jpg,aeroplane
pascal_aeroplane_2009_001056_0.jpg,aeroplane
pascal_aeroplane_2009_001312_0.jpg,aeroplane
pascal_aeroplane_2009_001344_0.jpg,aeroplane
pascal_aeroplane_2009_001435_0.jpg,aeroplane
pascal_aeroplane_2009_001517_0.jpg,aeroplane
pascal_aeroplane_2009_001927_0.jpg,aeroplane
pascal_aeroplane_2009_002018_0.jpg,aeroplane
pascal_aeroplane_2009_002914_0.jpg,aeroplane
pascal_aeroplane_2009_003066_0.jpg,aeroplane
pascal_aeroplane_2009_003147_0.jpg,aeroplane
pascal_aeroplane_2009_003147_1.jpg,aeroplane
pascal_aeroplane_2009_003147_2.jpg,aeroplane
pascal_aeroplane_2009_003147_3.jpg,aeroplane
pascal_aeroplane_2009_003219_0.jpg,aeroplane
pascal_aeroplane_2009_003396_0.jpg,aeroplane
pascal_aeroplane_2009_003524_0.jpg,aeroplane
pascal_aeroplane_2009_003608_0.jpg,aeroplane
pascal_aeroplane_2009_003667_0.jpg,aeroplane
pascal_aeroplane_2009_003994_0.jpg,aeroplane
pascal_aeroplane_2009_004308_0.jpg,aeroplane
pascal_aeroplane_2009_004317_0.jpg,aeroplane
pascal_aeroplane_2009_004475_0.jpg,aeroplane
pascal_aeroplane_2009_004620_0.jpg,aeroplane
pascal_aeroplane_2009_004709_0.jpg,aeroplane
pascal_aeroplane_2009_004944_0.jpg,aeroplane
pascal_aeroplane_2009_004980_0.jpg,aeroplane
pascal_aeroplane_2010_000250_0.jpg,aeroplane
pascal_aeroplane_2010_000477_0.jpg,aeroplane
pascal_aeroplane_2010_000715_0.jpg,aeroplane
pascal_aeroplane_2010_001718_0.jpg,aeroplane
pascal_aeroplane_2010_001979_0.jpg,aeroplane
pascal_aeroplane_2010_002295_0.jpg,aeroplane
pascal_aeroplane_2010_002577_0.jpg,aeroplane
pascal_aeroplane_2010_003737_0.jpg,aeroplane
pascal_aeroplane_2010_004084_0.jpg,aeroplane
pascal_aeroplane_2010_004242_0.jpg,aeroplane
pascal_aeroplane_2010_004601_1.jpg,aeroplane
pascal_aeroplane_2010_004721_1.jpg,train
pascal_aeroplane_2010_004729_0.jpg,aeroplane
pascal_aeroplane_2010_004855_0.jpg,aeroplane
pascal_aeroplane_2010_004855_1.jpg,car
pascal_aeroplane_2010_004855_2.jpg,aeroplane
pascal_aeroplane_2010_004888_0.jpg,aeroplane
pascal_aeroplane_2010_004938_0.jpg,aeroplane
pascal_aeroplane_2010_004938_2.jpg,aeroplane
pascal_aeroplane_2010_004991_0.jpg,aeroplane
pascal_aeroplane_2010_005022_0.jpg,aeroplane
pascal_aeroplane_2010_005776_0.jpg,aeroplane
pascal_aeroplane_2010_005978_0.jpg,aeroplane
pascal_aeroplane_2010_006067_0.jpg,aeroplane
pascal_aeroplane_2011_001073_0.jpg,aeroplane
pascal_aeroplane_2011_001455_0.jpg,aeroplane
pascal_aeroplane_2011_001455_1.jpg,aeroplane
pascal_aeroplane_2011_001514_0.jpg,aeroplane
pascal_aeroplane_2011_001871_0.jpg,aeroplane
pascal_aeroplane_2011_001872_0.jpg,aeroplane
pascal_aeroplane_2011_001872_1.jpg,aeroplane
pascal_aeroplane_2011_002012_0.jpg,aeroplane
pascal_aeroplane_2011_002470_0.jpg,aeroplane
pascal_aeroplane_2011_002638_0.jpg,aeroplane
pascal_aeroplane_2011_002638_1.jpg,aeroplane
pascal_aeroplane_2011_002638_2.jpg,aeroplane
pascal_aeroplane_2011_002851_0.jpg,aeroplane
pascal_aeroplane_2011_002851_1.jpg,aeroplane
pascal_aeroplane_2011_003177_1.jpg,aeroplane
pascal_bicycle_2008_000036_0.jpg,bicycle
pascal_bicycle_2008_000036_1.jpg,boat
pascal_bicycle_2008_000191_3.jpg,bicycle
pascal_bicycle_2008_001860_2.jpg,bicycle
pascal_bicycle_2008_001986_0.jpg,bicycle
pascal_bicycle_2008_002129_1.jpg,bicycle
pascal_bicycle_2008_002679_0.jpg,bicycle
pascal_bicycle_2008_002894_0.jpg,bicycle
pascal_bicycle_2008_003617_1.jpg,bicycle
pascal_bicycle_2008_004163_0.jpg,bicycle
pascal_bicycle_2008_004858_6.jpg,motorbike
pascal_bicycle_2008_005839_0.jpg,bicycle
pascal_bicycle_2008_005839_1.jpg,bicycle
pascal_bicycle_2008_005921_0.jpg,bicycle
pascal_bicycle_2008_005921_1.jpg,bicycle
pascal_bicycle_2008_006064_0.jpg,bicycle
pascal_bicycle_2008_006579_0.jpg,bicycle
pascal_bicycle_2008_007882_0.jpg,bicycle
pascal_bicycle_2008_008080_0.jpg,bicycle
pascal_bicycle_2008_008528_0.jpg,bicycle
pascal_bicycle_2008_008528_1.jpg,bicycle
pascal_bicycle_2008_008528_2.jpg,bicycle
pascal_bicycle_2008_008528_3.jpg,bicycle
pascal_bicycle_2008_008691_0.jpg,bicycle
pascal_bicycle_2008_008691_1.jpg,bicycle
pascal_bicycle_2008_008691_2.jpg,bicycle
pascal_bicycle_2008_008691_7.jpg,bicycle
pascal_bicycle_2008_008707_0.jpg,bicycle
pascal_bicycle_2008_008707_1.jpg,bicycle
pascal_bicycle_2008_008707_2.jpg,bicycle
pascal_bicycle_2008_008707_3.jpg,bicycle
pascal_bicycle_2008_008707_4.jpg,bicycle
pascal_bicycle_2009_000281_0.jpg,bicycle
pascal_bicycle_2009_000281_1.jpg,bicycle
pascal_bicycle_2009_000757_1.jpg,bicycle
pascal_bicycle_2009_001481_0.jpg,bicycle
pascal_bicycle_2009_001642_0.jpg,bicycle
pascal_bicycle_2009_001642_2.jpg,bicycle
pascal_bicycle_2009_001840_0.jpg,bicycle
pascal_bicycle_2009_002371_0.jpg,bicycle
pascal_bicycle_2009_002404_0.jpg,motorbike
pascal_bicycle_2009_002542_4.jpg,bicycle
pascal_bicycle_2009_003164_0.jpg,bicycle
pascal_bicycle_2009_003164_1.jpg,bicycle
pascal_bicycle_2009_003353_0.jpg,bicycle
pascal_bicycle_2009_003353_1.jpg,bicycle
pascal_bicycle_2009_003381_0.jpg,bicycle
pascal_bicycle_2009_003519_0.jpg,bicycle
pascal_bicycle_2009_004069_0.jpg,bicycle
pascal_bicycle_2009_004121_0.jpg,bicycle
pascal_bicycle_2009_004972_0.jpg,bicycle
pascal_bicycle_2009_005265_0.jpg,bicycle
pascal_bicycle_2010_000056_0.jpg,bicycle
pascal_bicycle_2010_000356_0.jpg,bicycle
pascal_bicycle_2010_000685_0.jpg,bicycle
pascal_bicycle_2010_001183_0.jpg,bicycle
pascal_bicycle_2010_001254_1.jpg,bicycle
pascal_bicycle_2010_001592_0.jpg,bicycle
pascal_bicycle_2010_002497_0.jpg,bicycle
pascal_bicycle_2010_002708_0.jpg,bicycle
pascal_bicycle_2010_002720_0.jpg,bicycle
pascal_bicycle_2010_002720_1.jpg,bicycle
pascal_bicycle_2010_002801_0.jpg,bicycle
pascal_bicycle_2010_002915_0.jpg,bicycle
pascal_bicycle_2010_003062_0.jpg,bicycle
pascal_bicycle_2010_003689_0.jpg,bicycle
pascal_bicycle_2010_003703_2.jpg,bicycle
pascal_bicycle_2010_004069_1.jpg,bicycle
pascal_bicycle_2010_004878_0.jpg,bicycle
pascal_bicycle_2010_005909_0.jpg,bicycle
pascal_bicycle_2011_000297_0.jpg,bicycle
pascal_bicycle_2011_000589_2.jpg,car
pascal_bicycle_2011_001643_0.jpg,bicycle
pascal_bicycle_2011_001732_0.jpg,motorbike
pascal_bicycle_2011_001740_0.jpg,motorbike
pascal_bicycle_2011_001987_0.jpg,bicycle
pascal_bicycle_2011_003148_0.jpg,bicycle
pascal_boat_2008_000036_3.jpg,boat
pascal_boat_2008_000036_4.jpg,boat
pascal_boat_2008_000235_1.jpg,boat
pascal_boat_2008_000405_0.jpg,boat
pascal_boat_2008_000405_1.jpg,boat
pascal_boat_2008_001159_0.jpg,boat
pascal_boat_2008_001159_1.jpg,boat
pascal_boat_2008_001529_0.jpg,boat
pascal_boat_2008_003313_0.jpg,boat
pascal_boat_2008_003913_0.jpg,boat
pascal_boat_2008_004026_0.jpg,boat
pascal_boat_2008_004291_0.jpg,boat
pascal_boat_2008_004443_0.jpg,boat
pascal_boat_2008_005071_0.jpg,boat
pascal_boat_2008_005071_2.jpg,boat
pascal_boat_2008_005108_0.jpg,boat
pascal_boat_2008_005512_0.jpg,boat
pascal_boat_2008_005923_0.jpg,boat
pascal_boat_2008_006481_1.jpg,boat
pascal_boat_2008_006488_0.jpg,boat
pascal_boat_2008_006692_0.jpg,boat
pascal_boat_2008_007597_0.jpg,boat
pascal_boat_2008_007597_1.jpg,boat
pascal_boat_2008_007597_2.jpg,boat
pascal_boat_2008_007597_3.jpg,boat
pascal_boat_2008_007597_4.jpg,boat
pascal_boat_2008_007597_5.jpg,boat
pascal_boat_2008_007597_7.jpg,boat
pascal_boat_2008_007653_0.jpg,boat
pascal_boat_2009_000420_0.jpg,boat
pascal_boat_2009_000477_0.jpg,boat
pascal_boat_2009_000477_1.jpg,boat
pascal_boat_2009_001770_0.jpg,boat
pascal_boat_2009_001770_1.jpg,boat
pascal_boat_2009_002146_0.jpg,boat
pascal_boat_2009_002146_1.jpg,boat
pascal_boat_2009_002173_0.jpg,boat
pascal_boat_2009_002851_1.jpg,aeroplane
pascal_boat_2009_003019_0.jpg,boat
pascal_boat_2009_003032_0.jpg,boat
pascal_boat_2009_003345_0.jpg,boat
pascal_boat_2009_004078_0.jpg,boat
pascal_boat_2009_004178_0.jpg,car
pascal_boat_2009_004397_0.jpg,boat
pascal_boat_2009_004557_0.jpg,boat
pascal_boat_2010_001212_2.jpg,boat
pascal_boat_2010_001212_3.jpg,boat
pascal_boat_2010_001212_4.jpg,boat
pascal_boat_2010_001212_5.jpg,boat
pascal_boat_2010_001212_6.jpg,boat
pascal_boat_2010_001456_0.jpg,aeroplane
pascal_boat_2010_001551_1.jpg,aeroplane
pascal_boat_2010_001551_2.jpg,aeroplane
pascal_boat_2010_002216_0.jpg,boat
pascal_boat_2010_002364_0.jpg,boat
pascal_boat_2010_002620_0.jpg,boat
pascal_boat_2010_003599_3.jpg,boat
pascal_boat_2010_003899_0.jpg,boat
pascal_boat_2010_003899_1.jpg,boat
pascal_boat_2010_004138_1.jpg,boat
pascal_boat_2010_004950_0.jpg,boat
pascal_boat_2010_005364_0.jpg,boat
pascal_boat_2010_005588_0.jpg,boat
pascal_boat_2010_005928_0.jpg,boat
pascal_boat_2011_000052_0.jpg,train
pascal_boat_2011_001384_0.jpg,boat
pascal_boat_2011_001532_0.jpg,boat
pascal_boat_2011_001532_1.jpg,boat
pascal_boat_2011_001886_0.jpg,boat
pascal_boat_2011_002073_0.jpg,boat
pascal_boat_2011_002073_1.jpg,boat
pascal_boat_2011_002085_0.jpg,boat
pascal_boat_2011_002567_0.jpg,boat
pascal_boat_2011_002618_0.jpg,boat
pascal_boat_2011_003134_0.jpg,chair
pascal_bus_2008_005196_0.jpg,train
pascal_bus_2008_007254_1.jpg,bus
pascal_bus_2008_008080_1.jpg,train
pascal_bus_2009_000617_3.jpg,bus
pascal_bus_2009_004383_0.jpg,bus
pascal_bus_2010_000770_0.jpg,bus
pascal_bus_2010_001288_0.jpg,train
pascal_bus_2010_002218_0.jpg,bus
pascal_bus_2010_003534_0.jpg,bus
pascal_bus_2010_004616_0.jpg,bus
pascal_bus_2010_004696_0.jpg,train
pascal_bus_2010_004806_0.jpg,bus
pascal_bus_2010_004844_1.jpg,bus
pascal_bus_2010_005415_0.jpg,bus
pascal_car_2008_000085_0.jpg,car
pascal_car_2008_000187_0.jpg,car
pascal_car_2008_000237_2.jpg,car
pascal_car_2008_000252_3.jpg,car
pascal_car_2008_000399_0.jpg,car
pascal_car_2008_000488_0.jpg,car
pascal_car_2008_000595_0.jpg,car
pascal_car_2008_001018_1.jpg,car
pascal_car_2008_001274_0.jpg,car
pascal_car_2008_001632_0.jpg,car
pascal_car_2008_003854_1.jpg,car
pascal_car_2008_004080_0.jpg,car
pascal_car_2008_004100_1.jpg,car
pascal_car_2008_004515_4.jpg,car
pascal_car_2008_004858_0.jpg,car
pascal_car_2008_004917_2.jpg,car
pascal_car_2008_005158_0.jpg,car
pascal_car_2008_005218_0.jpg,car
pascal_car_2008_005218_1.jpg,car
pascal_car_2008_005294_1.jpg,car
pascal_car_2008_005294_2.jpg,car
pascal_car_2008_005349_0.jpg,car
pascal_car_2008_005707_0.jpg,car
pascal_car_2008_005707_3.jpg,chair
pascal_car_2008_005893_1.jpg,car
pascal_car_2008_006336_0.jpg,car
pascal_car_2008_006638_0.jpg,car
pascal_car_2008_006638_1.jpg,car
pascal_car_2008_006638_3.jpg,car
pascal_car_2008_006921_0.jpg,car
pascal_car_2008_007825_0.jpg,car
pascal_car_2008_007877_0.jpg,car
pascal_car_2008_008432_1.jpg,boat
pascal_car_2008_008432_2.jpg,boat
pascal_car_2009_001306_0.jpg,car
pascal_car_2009_001782_0.jpg,car
pascal_car_2009_001898_0.jpg,car
pascal_car_2009_001917_0.jpg,car
pascal_car_2009_002010_0.jpg,car
pascal_car_2009_002120_0.jpg,car
pascal_car_2009_003360_0.jpg,car
pascal_car_2009_003974_0.jpg,car
pascal_car_2010_000248_0.jpg,car
pascal_car_2010_000248_1.jpg,car
pascal_car_2010_000503_0.jpg,car
pascal_car_2010_000664_0.jpg,car
pascal_car_2010_002039_4.jpg,car
pascal_car_2010_002236_0.jpg,car
pascal_car_2010_002387_0.jpg,bus
pascal_car_2010_002387_1.jpg,car
pascal_car_2010_002592_0.jpg,car
pascal_car_2010_003191_0.jpg,car
pascal_car_2010_003290_2.jpg,car
pascal_car_2010_003290_3.jpg,motorbike
pascal_car_2010_003290_4.jpg,car
pascal_car_2010_003290_5.jpg,car
pascal_car_2010_003400_0.jpg,car
pascal_car_2010_003478_0.jpg,car
pascal_car_2010_003612_0.jpg,car
pascal_car_2010_004045_3.jpg,car
pascal_car_2010_004459_0.jpg,car
pascal_car_2010_004601_2.jpg,car
pascal_car_2010_004646_1.jpg,car
pascal_car_2010_004844_3.jpg,car
pascal_car_2010_004943_0.jpg,car
pascal_car_2010_005119_0.jpg,car
pascal_car_2010_005261_0.jpg,car
pascal_car_2010_005261_1.jpg,car
pascal_car_2010_005318_0.jpg,car
pascal_car_2010_005785_0.jpg,car
pascal_car_2010_005951_0.jpg,car
pascal_car_2011_001193_0.jpg,car
pascal_car_2011_001455_3.jpg,car
pascal_car_2011_002303_0.jpg,car
pascal_car_2011_002410_0.jpg,car
pascal_car_2011_003016_1.jpg,car
pascal_chair_2008_000432_1.jpg,chair
pascal_chair_2008_000704_0.jpg,diningtable
pascal_chair_2008_001493_5.jpg,chair
pascal_chair_2008_001666_0.jpg,chair
pascal_chair_2008_001888_4.jpg,boat
pascal_chair_2008_002758_0.jpg,boat
pascal_chair_2008_003559_2.jpg,sofa
pascal_chair_2008_004077_1.jpg,chair
pascal_chair_2008_005150_1.jpg,diningtable
pascal_chair_2008_005150_2.jpg,diningtable
pascal_chair_2008_005329_1.jpg,diningtable
pascal_chair_2008_005739_0.jpg,chair
pascal_chair_2008_006350_0.jpg,diningtable
pascal_chair_2008_007307_0.jpg,chair
pascal_chair_2008_007780_0.jpg,chair
pascal_chair_2008_007780_1.jpg,chair
pascal_chair_2008_008363_0.jpg,diningtable
pascal_chair_2008_008363_1.jpg,chair
pascal_chair_2008_008363_2.jpg,diningtable
pascal_chair_2008_008363_3.jpg,diningtable
pascal_chair_2008_008363_4.jpg,diningtable
pascal_chair_2008_008593_1.jpg,sofa
pascal_chair_2009_000969_0.jpg,car
pascal_chair_2009_000969_1.jpg,car
pascal_chair_2009_002710_0.jpg,chair
pascal_chair_2009_002710_1.jpg,car
pascal_chair_2009_002710_2.jpg,boat
pascal_chair_2009_003317_0.jpg,diningtable
pascal_chair_2009_003317_1.jpg,diningtable
pascal_chair_2009_003317_2.jpg,diningtable
pascal_chair_2009_003317_3.jpg,diningtable
pascal_chair_2009_003327_0.jpg,chair
pascal_chair_2009_003520_1.jpg,diningtable
pascal_chair_2009_003520_3.jpg,sofa
pascal_chair_2009_003520_4.jpg,diningtable
pascal_chair_2009_003520_5.jpg,chair
pascal_chair_2009_003694_0.jpg,chair
pascal_chair_2009_003961_1.jpg,diningtable
pascal_chair_2009_003961_2.jpg,diningtable
pascal_chair_2009_003961_4.jpg,diningtable
pascal_chair_2009_003961_5.jpg,diningtable
pascal_chair_2009_004737_0.jpg,chair
pascal_chair_2009_005263_0.jpg,chair
pascal_chair_2010_001123_0.jpg,chair
pascal_chair_2010_001674_0.jpg,sofa
pascal_chair_2010_001846_0.jpg,chair
pascal_chair_2010_001846_1.jpg,chair
pascal_chair_2010_002166_2.jpg,chair
pascal_chair_2010_002166_3.jpg,chair
pascal_chair_2010_002815_0.jpg,chair
pascal_chair_2010_002870_0.jpg,chair
pascal_chair_2010_002870_1.jpg,boat
pascal_chair_2010_002870_2.jpg,boat
pascal_chair_2010_002870_3.jpg,boat
pascal_chair_2010_002880_2.jpg,chair
pascal_chair_2010_003157_0.jpg,diningtable
pascal_chair_2010_003157_1.jpg,diningtable
pascal_chair_2010_004600_0.jpg,diningtable
pascal_chair_2010_004738_1.jpg,chair
pascal_chair_2010_004962_0.jpg,chair
pascal_chair_2010_005318_7.jpg,chair
pascal_chair_2010_005584_1.jpg,chair
pascal_chair_2011_000472_0.jpg,chair
pascal_chair_2011_001027_5.jpg,sofa
pascal_chair_2011_002177_0.jpg,chair
pascal_chair_2011_002551_0.jpg,chair
pascal_chair_2011_002924_1.jpg,diningtable
pascal_chair_2011_002953_0.jpg,chair
pascal_chair_2011_003150_0.jpg,sofa
pascal_chair_2011_003259_2.jpg,chair
pascal_diningtable_2008_002960_1.jpg,diningtable
pascal_diningtable_2008_004849_0.jpg,diningtable
pascal_diningtable_2008_005150_0.jpg,diningtable
pascal_diningtable_2008_006039_0.jpg,diningtable
pascal_diningtable_2008_006250_2.jpg,diningtable
pascal_diningtable_2008_006705_0.jpg,diningtable
pascal_diningtable_2008_008363_6.jpg,diningtable
pascal_diningtable_2009_003317_4.jpg,diningtable
pascal_diningtable_2009_003520_0.jpg,diningtable
pascal_diningtable_2009_003961_0.jpg,diningtable
pascal_diningtable_2010_001846_3.jpg,chair
pascal_diningtable_2010_002274_1.jpg,diningtable
pascal_diningtable_2010_003157_2.jpg,diningtable
pascal_diningtable_2010_004660_0.jpg,diningtable
pascal_diningtable_2010_005273_0.jpg,diningtable
pascal_diningtable_2011_001220_0.jpg,diningtable
pascal_diningtable_2011_002606_0.jpg,diningtable
pascal_motorbike_2008_000237_1.jpg,bicycle
pascal_motorbike_2008_000545_0.jpg,motorbike
pascal_motorbike_2008_001158_0.jpg,motorbike
pascal_motorbike_2008_001158_1.jpg,motorbike
pascal_motorbike_2008_001643_1.jpg,motorbike
pascal_motorbike_2008_001699_2.jpg,motorbike
pascal_motorbike_2008_003269_0.jpg,motorbike
pascal_motorbike_2008_003429_3.jpg,motorbike
pascal_motorbike_2008_003637_0.jpg,motorbike
pascal_motorbike_2008_003637_1.jpg,motorbike
pascal_motorbike_2008_003892_1.jpg,motorbike
pascal_motorbike_2008_003939_0.jpg,motorbike
pascal_motorbike_2008_004036_0.jpg,motorbike
pascal_motorbike_2008_004668_3.jpg,motorbike
pascal_motorbike_2008_004703_0.jpg,motorbike
pascal_motorbike_2008_005297_0.jpg,motorbike
pascal_motorbike_2008_005429_0.jpg,motorbike
pascal_motorbike_2008_005429_1.jpg,motorbike
pascal_motorbike_2008_005603_0.jpg,motorbike
pascal_motorbike_2008_005893_0.jpg,motorbike
pascal_motorbike_2008_006879_0.jpg,motorbike
pascal_motorbike_2008_007325_0.jpg,motorbike
pascal_motorbike_2008_007325_1.jpg,motorbike
pascal_motorbike_2008_007325_2.jpg,motorbike
pascal_motorbike_2008_008058_0.jpg,motorbike
pascal_motorbike_2008_008218_0.jpg,motorbike
pascal_motorbike_2008_008288_1.jpg,motorbike
pascal_motorbike_2008_008462_0.jpg,motorbike
pascal_motorbike_2008_008497_0.jpg,motorbike
pascal_motorbike_2008_008511_0.jpg,motorbike
pascal_motorbike_2008_008511_1.jpg,motorbike
pascal_motorbike_2008_008511_2.jpg,motorbike
pascal_motorbike_2009_000894_0.jpg,motorbike
pascal_motorbike_2009_001135_0.jpg,bicycle
pascal_motorbike_2009_001151_0.jpg,motorbike
pascal_motorbike_2009_001638_0.jpg,motorbike
pascal_motorbike_2009_001827_0.jpg,motorbike
pascal_motorbike_2009_002077_0.jpg,motorbike
pascal_motorbike_2009_002216_0.jpg,motorbike
pascal_motorbike_2009_002763_0.jpg,motorbike
pascal_motorbike_2009_003090_0.jpg,motorbike
pascal_motorbike_2009_003820_0.jpg,motorbike
pascal_motorbike_2009_004117_0.jpg,motorbike
pascal_motorbike_2009_004756_1.jpg,motorbike
pascal_motorbike_2009_005155_0.jpg,motorbike
pascal_motorbike_2010_000371_4.jpg,motorbike
pascal_motorbike_2010_000371_5.jpg,motorbike
pascal_motorbike_2010_000490_2.jpg,motorbike
pascal_motorbike_2010_000806_0.jpg,motorbike
pascal_motorbike_2010_000995_0.jpg,motorbike
pascal_motorbike_2010_001383_0.jpg,motorbike
pascal_motorbike_2010_001810_0.jpg,motorbike
pascal_motorbike_2010_001923_0.jpg,motorbike
pascal_motorbike_2010_002149_0.jpg,motorbike
pascal_motorbike_2010_002469_0.jpg,motorbike
pascal_motorbike_2010_002469_1.jpg,motorbike
pascal_motorbike_2010_002747_0.jpg,motorbike
pascal_motorbike_2010_003608_0.jpg,motorbike
pascal_motorbike_2010_004028_0.jpg,motorbike
pascal_motorbike_2010_004119_0.jpg,motorbike
pascal_motorbike_2010_004766_0.jpg,motorbike
pascal_motorbike_2010_004844_2.jpg,motorbike
pascal_motorbike_2010_004844_8.jpg,motorbike
pascal_motorbike_2010_005199_0.jpg,motorbike
pascal_motorbike_2010_005429_0.jpg,motorbike
pascal_motorbike_2010_005876_2.jpg,motorbike
pascal_motorbike_2010_006028_0.jpg,motorbike
pascal_motorbike_2010_006028_1.jpg,motorbike
pascal_motorbike_2010_006028_2.jpg,bicycle
pascal_motorbike_2010_006028_3.jpg,motorbike
pascal_motorbike_2011_000220_0.jpg,motorbike
pascal_motorbike_2011_000637_0.jpg,motorbike
pascal_motorbike_2011_000637_6.jpg,motorbike
pascal_motorbike_2011_000637_7.jpg,motorbike
pascal_motorbike_2011_000898_0.jpg,motorbike
pascal_motorbike_2011_000898_1.jpg,motorbike
pascal_motorbike_2011_000898_2.jpg,motorbike
pascal_motorbike_2011_001022_0.jpg,motorbike
pascal_motorbike_2011_001629_0.jpg,motorbike
pascal_motorbike_2011_001629_1.jpg,motorbike
pascal_motorbike_2011_001663_0.jpg,motorbike
pascal_motorbike_2011_001765_0.jpg,motorbike
pascal_motorbike_2011_002062_0.jpg,motorbike
pascal_motorbike_2011_002921_0.jpg,motorbike
pascal_motorbike_2011_002949_0.jpg,sofa
pascal_motorbike_2011_002949_1.jpg,motorbike
pascal_motorbike_2011_002949_2.jpg,motorbike
pascal_motorbike_2011_002949_12.jpg,sofa
pascal_sofa_2008_000128_0.jpg,sofa
pascal_sofa_2008_000704_1.jpg,sofa
pascal_sofa_2008_000704_3.jpg,sofa
pascal_sofa_2008_003496_2.jpg,sofa
pascal_sofa_2008_006389_0.jpg,sofa
pascal_sofa_2008_006436_0.jpg,sofa
pascal_sofa_2008_008106_0.jpg,sofa
pascal_sofa_2008_008410_0.jpg,sofa
pascal_sofa_2009_001446_0.jpg,sofa
pascal_sofa_2009_002611_0.jpg,chair
pascal_sofa_2009_003711_0.jpg,sofa
pascal_sofa_2009_004464_0.jpg,sofa
pascal_sofa_2010_001066_0.jpg,sofa
pascal_sofa_2010_001277_0.jpg,sofa
pascal_sofa_2010_002045_0.jpg,sofa
pascal_sofa_2010_004111_0.jpg,sofa
pascal_sofa_2011_001192_0.jpg,sofa
pascal_sofa_2011_002953_1.jpg,sofa
pascal_sofa_2011_003259_0.jpg,sofa
pascal_train_2008_007779_0.jpg,train
pascal_train_2008_008020_0.jpg,train
pascal_train_2008_008545_0.jpg,train
pascal_train_2008_008583_0.jpg,train
pascal_train_2008_008637_0.jpg,train
pascal_train_2008_008673_0.jpg,train
pascal_train_2008_008696_0.jpg,train
pascal_train_2009_000476_0.jpg,train
pascal_train_2009_002725_0.jpg,train
pascal_train_2009_003790_0.jpg,train
pascal_train_2009_003790_1.jpg,train
pascal_train_2009_004109_0.jpg,train
pascal_train_2009_004406_0.jpg,train
pascal_train_2009_005126_0.jpg,train
pascal_train_2010_001374_0.jpg,train
pascal_train_2010_002080_0.jpg,train
pascal_train_2010_002618_0.jpg,train
pascal_train_2010_003384_0.jpg,train
pascal_train_2010_003601_0.jpg,train
pascal_train_2010_003900_0.jpg,train
pascal_train_2010_004826_0.jpg,train
pascal_train_2010_005506_0.jpg,aeroplane
pascal_train_2010_005643_0.jpg,train
pascal_train_2011_000058_0.jpg,train
pascal_train_2011_000197_0.jpg,train
pascal_train_2011_000250_0.jpg,bicycle
pascal_train_2011_001602_0.jpg,train
pascal_train_2011_001671_0.jpg,train
pascal_train_2011_002053_0.jpg,car
pascal_aeroplane_2008_001546_0.jpg,aeroplane
pascal_aeroplane_2008_001805_0.jpg,aeroplane
pascal_aeroplane_2008_001971_0.jpg,aeroplane
pascal_aeroplane_2008_001985_0.jpg,car
pascal_aeroplane_2008_001985_1.jpg,aeroplane
pascal_aeroplane_2008_001985_2.jpg,car
pascal_aeroplane_2008_001985_3.jpg,aeroplane
pascal_aeroplane_2008_001985_4.jpg,car
pascal_aeroplane_2008_001985_5.jpg,car
pascal_aeroplane_2008_002358_0.jpg,aeroplane
pascal_aeroplane_2008_003369_0.jpg,aeroplane
pascal_aeroplane_2008_003743_0.jpg,aeroplane
pascal_aeroplane_2008_004771_0.jpg,aeroplane
pascal_aeroplane_2008_005114_0.jpg,aeroplane
pascal_aeroplane_2008_005455_0.jpg,aeroplane
pascal_aeroplane_2008_006548_0.jpg,aeroplane
pascal_aeroplane_2008_006896_0.jpg,aeroplane
pascal_aeroplane_2008_007350_0.jpg,aeroplane
pascal_aeroplane_2008_007618_0.jpg,aeroplane
pascal_aeroplane_2008_007764_0.jpg,aeroplane
pascal_aeroplane_2008_008025_0.jpg,aeroplane
pascal_aeroplane_2008_008025_1.jpg,aeroplane
pascal_aeroplane_2008_008254_0.jpg,aeroplane
pascal_aeroplane_2008_008359_0.jpg,aeroplane
pascal_aeroplane_2008_008373_0.jpg,aeroplane
pascal_aeroplane_2008_008446_0.jpg,aeroplane
pascal_aeroplane_2008_008570_0.jpg,aeroplane
pascal_aeroplane_2008_008765_0.jpg,aeroplane
pascal_aeroplane_2009_000205_0.jpg,aeroplane
pascal_aeroplane_2009_000440_0.jpg,aeroplane
pascal_aeroplane_2009_001090_0.jpg,aeroplane
pascal_aeroplane_2009_001316_0.jpg,aeroplane
pascal_aeroplane_2009_001387_0.jpg,aeroplane
pascal_aeroplane_2009_001549_0.jpg,aeroplane
pascal_aeroplane_2009_001713_0.jpg,aeroplane
pascal_aeroplane_2009_001940_0.jpg,aeroplane
pascal_aeroplane_2009_002211_0.jpg,aeroplane
pascal_aeroplane_2009_002272_0.jpg,aeroplane
pascal_aeroplane_2009_002752_1.jpg,aeroplane
pascal_aeroplane_2009_002941_0.jpg,aeroplane
pascal_aeroplane_2009_003153_0.jpg,aeroplane
pascal_aeroplane_2009_003199_0.jpg,aeroplane
pascal_aeroplane_2009_003278_0.jpg,aeroplane
pascal_aeroplane_2009_003571_0.jpg,aeroplane
pascal_aeroplane_2009_003635_0.jpg,aeroplane
pascal_aeroplane_2009_003806_0.jpg,aeroplane
pascal_aeroplane_2009_003947_0.jpg,aeroplane
pascal_aeroplane_2009_003950_0.jpg,aeroplane
pascal_aeroplane_2009_004108_0.jpg,aeroplane
pascal_aeroplane_2009_004535_0.jpg,aeroplane
pascal_aeroplane_2009_004812_0.jpg,aeroplane
pascal_aeroplane_2009_005019_0.jpg,aeroplane
pascal_aeroplane_2009_005111_0.jpg,aeroplane
pascal_aeroplane_2009_005210_0.jpg,aeroplane
pascal_aeroplane_2010_000572_0.jpg,aeroplane
pascal_aeroplane_2010_000622_0.jpg,aeroplane
pascal_aeroplane_2010_001017_0.jpg,aeroplane
pascal_aeroplane_2010_001214_0.jpg,aeroplane
pascal_aeroplane_2010_001426_0.jpg,aeroplane
pascal_aeroplane_2010_001505_0.jpg,aeroplane
pascal_aeroplane_2010_002019_0.jpg,aeroplane
pascal_aeroplane_2010_002147_0.jpg,aeroplane
pascal_aeroplane_2010_002310_0.jpg,aeroplane
pascal_aeroplane_2010_002357_0.jpg,aeroplane
pascal_aeroplane_2010_002460_0.jpg,aeroplane
pascal_aeroplane_2010_003054_0.jpg,aeroplane
pascal_aeroplane_2010_003279_0.jpg,aeroplane
pascal_aeroplane_2010_003801_1.jpg,aeroplane
pascal_aeroplane_2010_004184_0.jpg,aeroplane
pascal_aeroplane_2010_004455_0.jpg,aeroplane
pascal_aeroplane_2010_004998_0.jpg,aeroplane
pascal_aeroplane_2010_005382_0.jpg,aeroplane
pascal_aeroplane_2010_005534_0.jpg,aeroplane
pascal_aeroplane_2010_006034_0.jpg,aeroplane
pascal_aeroplane_2011_000103_0.jpg,aeroplane
pascal_aeroplane_2011_000163_0.jpg,aeroplane
pascal_aeroplane_2011_000592_0.jpg,aeroplane
pascal_aeroplane_2011_000874_0.jpg,aeroplane
pascal_aeroplane_2011_001315_0.jpg,aeroplane
pascal_aeroplane_2011_001541_0.jpg,aeroplane
pascal_aeroplane_2011_001541_1.jpg,aeroplane
pascal_aeroplane_2011_002929_0.jpg,aeroplane
pascal_aeroplane_2011_003012_0.jpg,aeroplane
pascal_aeroplane_2011_003012_1.jpg,aeroplane
pascal_bicycle_2008_000194_0.jpg,bicycle
pascal_bicycle_2008_000466_0.jpg,bicycle
pascal_bicycle_2008_000466_1.jpg,bicycle
pascal_bicycle_2008_000562_2.jpg,bicycle
pascal_bicycle_2008_001531_0.jpg,bicycle
pascal_bicycle_2008_002322_1.jpg,bicycle
pascal_bicycle_2008_002701_0.jpg,bicycle
pascal_bicycle_2008_002883_0.jpg,bicycle
pascal_bicycle_2008_003270_0.jpg,bicycle
pascal_bicycle_2008_003768_0.jpg,bicycle
pascal_bicycle_2008_004592_3.jpg,bicycle
pascal_bicycle_2008_004758_0.jpg,bicycle
pascal_bicycle_2008_005175_0.jpg,bicycle
pascal_bicycle_2008_005190_0.jpg,bicycle
pascal_bicycle_2008_005727_0.jpg,bicycle
pascal_bicycle_2008_006467_0.jpg,bicycle
pascal_bicycle_2008_006519_0.jpg,bicycle
pascal_bicycle_2008_007019_0.jpg,bicycle
pascal_bicycle_2008_007103_1.jpg,bicycle
pascal_bicycle_2008_007872_0.jpg,bicycle
pascal_bicycle_2008_008307_0.jpg,bicycle
pascal_bicycle_2009_000634_0.jpg,bicycle
pascal_bicycle_2009_000724_1.jpg,bicycle
pascal_bicycle_2009_001255_0.jpg,bicycle
pascal_bicycle_2009_001255_1.jpg,bicycle
pascal_bicycle_2009_001646_3.jpg,bicycle
pascal_bicycle_2009_001663_1.jpg,bicycle
pascal_bicycle_2009_002928_0.jpg,bicycle
pascal_bicycle_2009_003193_0.jpg,bicycle
pascal_bicycle_2009_003224_0.jpg,bicycle
pascal_bicycle_2009_004876_0.jpg,bicycle
pascal_bicycle_2009_004882_0.jpg,bicycle
pascal_bicycle_2009_004882_1.jpg,bicycle
pascal_bicycle_2009_005156_0.jpg,bicycle
pascal_bicycle_2010_000113_0.jpg,bicycle
pascal_bicycle_2010_000401_0.jpg,bicycle
pascal_bicycle_2010_000444_0.jpg,bicycle
pascal_bicycle_2010_000829_0.jpg,bicycle
pascal_bicycle_2010_001049_0.jpg,bicycle
pascal_bicycle_2010_001049_1.jpg,bicycle
pascal_bicycle_2010_001119_0.jpg,bicycle
pascal_bicycle_2010_001119_1.jpg,bicycle
pascal_bicycle_2010_002030_0.jpg,bicycle
pascal_bicycle_2010_002792_1.jpg,bicycle
pascal_bicycle_2010_002814_0.jpg,bicycle
pascal_bicycle_2010_002927_0.jpg,bicycle
pascal_bicycle_2010_003379_0.jpg,bicycle
pascal_bicycle_2010_004809_0.jpg,bicycle
pascal_bicycle_2010_005374_0.jpg,bicycle
pascal_bicycle_2011_000319_1.jpg,bicycle
pascal_bicycle_2011_000412_0.jpg,bicycle
pascal_bicycle_2011_001213_0.jpg,bicycle
pascal_bicycle_2011_001501_0.jpg,bicycle
pascal_bicycle_2011_001945_0.jpg,bicycle
pascal_bicycle_2011_001945_1.jpg,bicycle
pascal_bicycle_2011_002406_0.jpg,bicycle
pascal_bicycle_2011_003167_0.jpg,bicycle
pascal_bicycle_2011_003167_1.jpg,bicycle
pascal_bicycle_2011_003167_2.jpg,bicycle
pascal_bicycle_2011_003169_0.jpg,bicycle
pascal_boat_2008_000007_0.jpg,train
pascal_boat_2008_000082_2.jpg,boat
pascal_boat_2008_000140_0.jpg,boat
pascal_boat_2008_000140_1.jpg,boat
pascal_boat_2008_000834_2.jpg,boat
pascal_boat_2008_000957_0.jpg,boat
pascal_boat_2008_001040_0.jpg,car
pascal_boat_2008_001260_0.jpg,boat
pascal_boat_2008_001516_6.jpg,boat
pascal_boat_2008_001580_0.jpg,aeroplane
pascal_boat_2008_003858_0.jpg,boat
pascal_boat_2008_005063_0.jpg,car
pascal_boat_2008_005359_0.jpg,boat
pascal_boat_2008_005398_0.jpg,boat
pascal_boat_2008_005695_0.jpg,boat
pascal_boat_2008_006825_0.jpg,boat
pascal_boat_2008_006949_1.jpg,boat
pascal_boat_2008_006949_2.jpg,boat
pascal_boat_2008_007441_0.jpg,boat
pascal_boat_2009_000093_0.jpg,boat
pascal_boat_2009_000608_0.jpg,boat
pascal_boat_2009_000829_0.jpg,boat
pascal_boat_2009_000919_0.jpg,boat
pascal_boat_2009_001406_0.jpg,boat
pascal_boat_2009_001949_0.jpg,aeroplane
pascal_boat_2009_002830_0.jpg,boat
pascal_boat_2009_003084_0.jpg,boat
pascal_boat_2009_003247_0.jpg,boat
pascal_boat_2009_003247_1.jpg,boat
pascal_boat_2009_003247_2.jpg,boat
pascal_boat_2009_003247_3.jpg,boat
pascal_boat_2009_003247_7.jpg,boat
pascal_boat_2009_003707_0.jpg,boat
pascal_boat_2009_004125_0.jpg,train
pascal_boat_2009_004273_0.jpg,aeroplane
pascal_boat_2009_005268_0.jpg,boat
pascal_boat_2010_000272_0.jpg,boat
pascal_boat_2010_000679_2.jpg,boat
pascal_boat_2010_001501_0.jpg,boat
pascal_boat_2010_002780_0.jpg,boat
pascal_boat_2010_003156_2.jpg,car
pascal_boat_2010_004486_0.jpg,boat
pascal_boat_2010_004486_2.jpg,boat
pascal_boat_2011_000986_0.jpg,boat
pascal_boat_2011_000986_1.jpg,car
pascal_boat_2011_001793_1.jpg,boat
pascal_boat_2011_001793_2.jpg,boat
pascal_boat_2011_002578_1.jpg,boat
pascal_boat_2011_002871_0.jpg,boat
pascal_boat_2011_002871_1.jpg,boat
pascal_bus_2008_004794_0.jpg,train
pascal_bus_2008_005676_0.jpg,train
pascal_bus_2008_005933_0.jpg,bus
pascal_bus_2008_006554_0.jpg,bus
pascal_bus_2008_008598_1.jpg,bus
pascal_bus_2009_000568_0.jpg,bus
pascal_bus_2009_002238_0.jpg,bus
pascal_bus_2010_001892_0.jpg,bus
pascal_bus_2010_004506_1.jpg,car
pascal_bus_2010_004627_0.jpg,bus
pascal_bus_2011_000178_0.jpg,bus
pascal_bus_2011_001748_0.jpg,car
pascal_car_2008_000174_1.jpg,car
pascal_car_2008_000174_2.jpg,car
pascal_car_2008_000174_3.jpg,car
pascal_car_2008_000174_4.jpg,car
pascal_car_2008_000304_0.jpg,car
pascal_car_2008_000304_3.jpg,car
pascal_car_2008_000304_4.jpg,car
pascal_car_2008_000562_3.jpg,car
pascal_car_2008_000868_13.jpg,car
pascal_car_2008_000880_0.jpg,car
pascal_car_2008_000880_3.jpg,car
pascal_car_2008_000884_0.jpg,car
pascal_car_2008_000884_1.jpg,car
pascal_car_2008_001334_0.jpg,car
pascal_car_2008_001908_0.jpg,car
pascal_car_2008_001908_1.jpg,car
pascal_car_2008_001961_0.jpg,car
pascal_car_2008_001961_1.jpg,car
pascal_car_2008_001961_2.jpg,car
pascal_car_2008_002198_0.jpg,car
pascal_car_2008_002212_0.jpg,boat
pascal_car_2008_002322_2.jpg,car
pascal_car_2008_002322_3.jpg,car
pascal_car_2008_003022_0.jpg,car
pascal_car_2008_003022_1.jpg,car
pascal_car_2008_003022_2.jpg,car
pascal_car_2008_003022_4.jpg,car
pascal_car_2008_003333_0.jpg,car
pascal_car_2008_003829_0.jpg,car
pascal_car_2008_004326_0.jpg,car
pascal_car_2008_004326_1.jpg,car
pascal_car_2008_004326_2.jpg,car
pascal_car_2008_004326_3.jpg,boat
pascal_car_2008_004326_4.jpg,car
pascal_car_2008_004326_5.jpg,car
pascal_car_2008_004552_0.jpg,car
pascal_car_2008_004955_0.jpg,car
pascal_car_2008_005166_2.jpg,car
pascal_car_2008_005245_3.jpg,car
pascal_car_2008_005245_4.jpg,car
pascal_car_2008_005319_0.jpg,car
pascal_car_2008_005638_0.jpg,car
pascal_car_2008_005936_0.jpg,car
pascal_car_2008_005936_1.jpg,car
pascal_car_2008_007103_0.jpg,car
pascal_car_2008_007167_0.jpg,car
pascal_car_2008_007295_1.jpg,car
pascal_car_2008_007311_1.jpg,car
pascal_car_2008_007323_0.jpg,car
pascal_car_2008_007466_0.jpg,car
pascal_car_2008_007872_1.jpg,car
pascal_car_2008_007981_0.jpg,car
pascal_car_2008_008024_2.jpg,car
pascal_car_2008_008025_2.jpg,car
pascal_car_2009_000078_0.jpg,car
pascal_car_2009_000542_1.jpg,car
pascal_car_2009_000542_2.jpg,car
pascal_car_2009_000568_1.jpg,car
pascal_car_2009_001240_0.jpg,car
pascal_car_2009_001255_2.jpg,bicycle
pascal_car_2009_001820_0.jpg,car
pascal_car_2009_002238_1.jpg,car
pascal_car_2009_002267_1.jpg,car
pascal_car_2009_002960_0.jpg,car
pascal_car_2009_002990_0.jpg,car
pascal_car_2009_003238_2.jpg,car
pascal_car_2009_003633_0.jpg,car
pascal_car_2009_003879_0.jpg,car
pascal_car_2009_005086_1.jpg,car
pascal_car_2010_000372_0.jpg,car
pascal_car_2010_000372_1.jpg,car
pascal_car_2010_000372_2.jpg,car
pascal_car_2010_000526_0.jpg,car
pascal_car_2010_000530_0.jpg,car
pascal_car_2010_000530_1.jpg,car
pascal_car_2010_001536_0.jpg,car
pascal_car_2010_002046_0.jpg,car
pascal_car_2010_002046_1.jpg,car
pascal_car_2010_002048_0.jpg,car
pascal_car_2010_002175_0.jpg,car
pascal_car_2010_003645_2.jpg,car
pascal_car_2010_003730_0.jpg,car
pascal_car_2010_004021_1.jpg,car
pascal_car_2010_004021_2.jpg,car
pascal_car_2010_004291_0.jpg,car
pascal_car_2010_004654_0.jpg,car
pascal_car_2010_005817_0.jpg,car
pascal_car_2010_006051_2.jpg,car
pascal_car_2011_000086_0.jpg,car
pascal_car_2011_000128_0.jpg,car
pascal_car_2011_001260_0.jpg,car
pascal_car_2011_001260_1.jpg,car
pascal_car_2011_001260_2.jpg,car
pascal_car_2011_001260_4.jpg,car
pascal_car_2011_001260_5.jpg,car
pascal_car_2011_001406_0.jpg,car
pascal_car_2011_002021_0.jpg,car
pascal_car_2011_002033_0.jpg,car
pascal_car_2011_002366_0.jpg,car
pascal_car_2011_003019_1.jpg,car
pascal_car_2011_003055_0.jpg,car
pascal_car_2011_003269_0.jpg,car
pascal_chair_2008_000498_0.jpg,chair
pascal_chair_2008_000498_1.jpg,chair
pascal_chair_2008_000498_2.jpg,chair
pascal_chair_2008_000835_10.jpg,chair
pascal_chair_2008_000835_11.jpg,chair
pascal_chair_2008_001596_3.jpg,chair
pascal_chair_2008_001596_4.jpg,chair
pascal_chair_2008_001669_4.jpg,chair
pascal_chair_2008_001715_0.jpg,chair
pascal_chair_2008_002071_0.jpg,chair
pascal_chair_2008_002071_1.jpg,chair
pascal_chair_2008_002521_0.jpg,chair
pascal_chair_2008_003547_0.jpg,chair
pascal_chair_2008_004592_0.jpg,diningtable
pascal_chair_2008_004592_1.jpg,bicycle
pascal_chair_2008_004592_2.jpg,bicycle
pascal_chair_2008_004665_0.jpg,chair
pascal_chair_2008_004702_1.jpg,chair
pascal_chair_2008_006045_0.jpg,chair
pascal_chair_2008_006045_1.jpg,train
pascal_chair_2008_006045_2.jpg,train
pascal_chair_2008_006045_3.jpg,train
pascal_chair_2008_006045_4.jpg,chair
pascal_chair_2008_006045_5.jpg,chair
pascal_chair_2008_006045_6.jpg,boat
pascal_chair_2008_006166_1.jpg,bicycle
pascal_chair_2008_006660_0.jpg,chair
pascal_chair_2008_006660_1.jpg,chair
pascal_chair_2008_007048_0.jpg,diningtable
pascal_chair_2008_007048_1.jpg,diningtable
pascal_chair_2008_007048_2.jpg,diningtable
pascal_chair_2008_007048_3.jpg,diningtable
pascal_chair_2008_007293_1.jpg,chair
pascal_chair_2009_000483_0.jpg,chair
pascal_chair_2009_001784_0.jpg,chair
pascal_chair_2009_002762_0.jpg,chair
pascal_chair_2009_004152_0.jpg,car
pascal_chair_2009_004152_1.jpg,car
pascal_chair_2009_004377_1.jpg,sofa
pascal_chair_2009_004687_1.jpg,sofa
pascal_chair_2009_004849_3.jpg,chair
pascal_chair_2009_005079_0.jpg,diningtable
pascal_chair_2009_005205_1.jpg,chair
pascal_chair_2009_005205_2.jpg,chair
pascal_chair_2009_005205_3.jpg,chair
pascal_chair_2009_005205_4.jpg,car
pascal_chair_2009_005205_5.jpg,chair
pascal_chair_2009_005205_6.jpg,chair
pascal_chair_2009_005205_7.jpg,diningtable
pascal_chair_2009_005205_8.jpg,diningtable
pascal_chair_2010_000384_0.jpg,chair
pascal_chair_2010_000485_0.jpg,chair
pascal_chair_2010_001455_0.jpg,diningtable
pascal_chair_2010_001455_1.jpg,diningtable
pascal_chair_2010_001455_3.jpg,diningtable
pascal_chair_2010_001455_4.jpg,car
pascal_chair_2010_001712_1.jpg,chair
pascal_chair_2010_002086_1.jpg,chair
pascal_chair_2010_002319_1.jpg,chair
pascal_chair_2010_002881_2.jpg,chair
pascal_chair_2010_003379_1.jpg,chair
pascal_chair_2010_003632_0.jpg,chair
pascal_chair_2010_005493_0.jpg,chair
pascal_chair_2011_000607_0.jpg,sofa
pascal_chair_2011_000813_1.jpg,chair
pascal_chair_2011_001842_0.jpg,chair
pascal_chair_2011_002260_0.jpg,chair
pascal_chair_2011_002260_1.jpg,diningtable
pascal_chair_2011_002270_0.jpg,diningtable
pascal_chair_2011_002270_2.jpg,chair
pascal_diningtable_2008_000573_0.jpg,diningtable
pascal_diningtable_2008_000835_12.jpg,diningtable
pascal_diningtable_2008_007048_4.jpg,diningtable
pascal_diningtable_2009_005205_0.jpg,motorbike
pascal_diningtable_2009_005205_9.jpg,diningtable
pascal_diningtable_2010_001455_2.jpg,diningtable
pascal_diningtable_2010_004597_3.jpg,diningtable
pascal_diningtable_2011_001842_2.jpg,diningtable
pascal_diningtable_2011_002838_0.jpg,diningtable
pascal_motorbike_2008_000082_3.jpg,motorbike
pascal_motorbike_2008_000516_1.jpg,motorbike
pascal_motorbike_2008_001168_0.jpg,motorbike
pascal_motorbike_2008_001177_1.jpg,motorbike
pascal_motorbike_2008_001406_0.jpg,motorbike
pascal_motorbike_2008_001406_1.jpg,motorbike
pascal_motorbike_2008_001406_2.jpg,motorbike
pascal_motorbike_2008_002374_1.jpg,motorbike
pascal_motorbike_2008_002752_0.jpg,motorbike
pascal_motorbike_2008_002752_1.jpg,motorbike
pascal_motorbike_2008_003320_0.jpg,motorbike
pascal_motorbike_2008_003333_1.jpg,motorbike
pascal_motorbike_2008_004615_0.jpg,motorbike
pascal_motorbike_2008_004615_1.jpg,motorbike
pascal_motorbike_2008_004615_2.jpg,motorbike
pascal_motorbike_2008_004940_1.jpg,motorbike
pascal_motorbike_2008_005245_0.jpg,motorbike
pascal_motorbike_2008_005245_1.jpg,motorbike
pascal_motorbike_2008_005245_2.jpg,motorbike
pascal_motorbike_2008_005422_0.jpg,motorbike
pascal_motorbike_2008_005427_0.jpg,motorbike
pascal_motorbike_2008_006441_0.jpg,motorbike
pascal_motorbike_2008_006517_0.jpg,motorbike
pascal_motorbike_2008_006944_2.jpg,motorbike
pascal_motorbike_2009_000074_0.jpg,motorbike
pascal_motorbike_2009_000676_0.jpg,motorbike
pascal_motorbike_2009_000676_1.jpg,motorbike
pascal_motorbike_2009_000719_2.jpg,motorbike
pascal_motorbike_2009_000719_3.jpg,motorbike
pascal_motorbike_2009_001646_0.jpg,motorbike
pascal_motorbike_2009_001646_2.jpg,motorbike
pascal_motorbike_2009_001805_0.jpg,bicycle
pascal_motorbike_2009_003238_0.jpg,motorbike
pascal_motorbike_2009_003598_0.jpg,motorbike
pascal_motorbike_2009_003747_0.jpg,motorbike
pascal_motorbike_2009_004043_0.jpg,motorbike
pascal_motorbike_2009_004093_0.jpg,motorbike
pascal_motorbike_2009_004849_0.jpg,motorbike
pascal_motorbike_2009_004987_0.jpg,motorbike
pascal_motorbike_2009_005078_0.jpg,motorbike
pascal_motorbike_2009_005086_0.jpg,motorbike
pascal_motorbike_2010_000035_2.jpg,motorbike
pascal_motorbike_2010_000087_0.jpg,motorbike
pascal_motorbike_2010_000695_0.jpg,motorbike
pascal_motorbike_2010_000744_0.jpg,motorbike
pascal_motorbike_2010_000829_1.jpg,motorbike
pascal_motorbike_2010_000927_0.jpg,motorbike
pascal_motorbike_2010_002128_0.jpg,motorbike
pascal_motorbike_2010_002172_0.jpg,motorbike
pascal_motorbike_2010_002629_0.jpg,motorbike
pascal_motorbike_2010_003695_0.jpg,motorbike
pascal_motorbike_2010_004219_0.jpg,motorbike
pascal_motorbike_2010_004219_1.jpg,motorbike
pascal_motorbike_2010_004697_0.jpg,motorbike
pascal_motorbike_2010_005346_3.jpg,motorbike
pascal_motorbike_2010_005366_0.jpg,motorbike
pascal_motorbike_2010_006051_0.jpg,motorbike
pascal_motorbike_2011_000034_1.jpg,motorbike
pascal_motorbike_2011_000618_0.jpg,motorbike
pascal_motorbike_2011_000927_0.jpg,motorbike
pascal_motorbike_2011_001203_0.jpg,motorbike
pascal_motorbike_2011_001203_1.jpg,motorbike
pascal_motorbike_2011_001203_3.jpg,motorbike
pascal_motorbike_2011_001266_0.jpg,motorbike
pascal_motorbike_2011_001876_0.jpg,motorbike
pascal_motorbike_2011_002760_0.jpg,motorbike
pascal_motorbike_2011_003013_0.jpg,motorbike
pascal_motorbike_2011_003019_2.jpg,motorbike
pascal_motorbike_2011_003019_3.jpg,motorbike
pascal_sofa_2008_001366_1.jpg,sofa
pascal_sofa_2008_003271_1.jpg,sofa
pascal_sofa_2008_004271_0.jpg,sofa
pascal_sofa_2008_006207_1.jpg,sofa
pascal_sofa_2008_007182_0.jpg,sofa
pascal_sofa_2008_008433_0.jpg,sofa
pascal_sofa_2009_000342_2.jpg,sofa
pascal_sofa_2009_004687_0.jpg,sofa
pascal_sofa_2010_001962_0.jpg,sofa
pascal_sofa_2010_004967_1.jpg,sofa
pascal_sofa_2010_005980_0.jpg,sofa
pascal_sofa_2011_000070_0.jpg,sofa
pascal_sofa_2011_001005_1.jpg,sofa
pascal_sofa_2011_001713_2.jpg,sofa
pascal_sofa_2011_001751_0.jpg,sofa
pascal_sofa_2011_002109_0.jpg,sofa
pascal_train_2008_004852_0.jpg,train
pascal_train_2008_005801_0.jpg,train
pascal_train_2009_000689_0.jpg,train
pascal_train_2009_000689_1.jpg,train
pascal_train_2009_000712_0.jpg,train
pascal_train_2009_001534_0.jpg,train
pascal_train_2009_004624_0.jpg,train
pascal_train_2009_004624_1.jpg,train
pascal_train_2009_004669_0.jpg,train
pascal_train_2009_004730_0.jpg,train
pascal_train_2009_004956_0.jpg,train
pascal_train_2009_005148_0.jpg,train
pascal_train_2009_005149_0.jpg,train
pascal_train_2010_000085_0.jpg,train
pascal_train_2010_001052_0.jpg,train
pascal_train_2010_001539_0.jpg,train
pascal_train_2010_001625_0.jpg,train
pascal_train_2010_004193_0.jpg,train
pascal_train_2010_004313_0.jpg,train
pascal_train_2010_005463_0.jpg,train
pascal_train_2011_000521_0.jpg,train
pascal_train_2011_001126_0.jpg,train
pascal_train_2011_001614_0.jpg,train
