imgs,pred
collection_aeroplane_aeroplane_+_underwater_google_0103_0.jpg,aeroplane
collection_aeroplane_aeroplane_+_pokemon_google_0000_0.jpg,aeroplane
collection_aeroplane_aeroplane_+_pokemon_google_0000_1.jpg,aeroplane
collection_aeroplane_aeroplane_+_pokemon_google_0005_0.jpg,aeroplane
collection_aeroplane_aeroplane_+_pokemon_google_0011_0.jpg,aeroplane
collection_aeroplane_aeroplane_+_pokemon_google_0013_0.jpg,aeroplane
collection_aeroplane_aeroplane_+_pokemon_google_0014_0.jpg,aeroplane
collection_aeroplane_aeroplane_+_pokemon_google_0014_1.jpg,aeroplane
collection_aeroplane_aeroplane_+_pokemon_google_0015_0.jpg,aeroplane
collection_aeroplane_aeroplane_+_pokemon_google_0022_0.jpg,aeroplane
collection_aeroplane_aeroplane_+_pokemon_google_0037_0.jpg,aeroplane
collection_aeroplane_aeroplane_+_pokemon_google_0038_0.jpg,aeroplane
collection_aeroplane_aeroplane_+_pokemon_google_0040_0.jpg,aeroplane
collection_aeroplane_aeroplane_+_pokemon_google_0040_1.jpg,aeroplane
collection_aeroplane_aeroplane_+_pokemon_google_0048_0.jpg,aeroplane
collection_aeroplane_aeroplane_+_pokemon_google_0049_0.jpg,aeroplane
collection_aeroplane_aeroplane_+_pokemon_google_0050_0.jpg,aeroplane
collection_aeroplane_aeroplane_+_pokemon_google_0051_0.jpg,aeroplane
collection_aeroplane_aeroplane_+_pokemon_google_0053_0.jpg,aeroplane
collection_aeroplane_aeroplane_+_pokemon_google_0054_0.jpg,aeroplane
collection_aeroplane_aeroplane_+_pokemon_google_0055_0.jpg,aeroplane
collection_aeroplane_aeroplane_+_pokemon_google_0055_1.jpg,aeroplane
collection_aeroplane_aeroplane_+_pokemon_google_0058_0.jpg,aeroplane
collection_aeroplane_aeroplane_+_pokemon_google_0061_0.jpg,aeroplane
collection_aeroplane_aeroplane_+_pokemon_google_0062_0.jpg,aeroplane
collection_aeroplane_aeroplane_+_pokemon_google_0067_0.jpg,aeroplane
collection_aeroplane_aeroplane_+_pokemon_google_0073_0.jpg,aeroplane
collection_aeroplane_aeroplane_+_pokemon_google_0074_0.jpg,chair
collection_aeroplane_aeroplane_+_pokemon_google_0080_0.jpg,aeroplane
collection_aeroplane_aeroplane_+_pokemon_google_0081_0.jpg,aeroplane
collection_aeroplane_aeroplane_+_pokemon_google_0083_0.jpg,aeroplane
collection_aeroplane_aeroplane_+_pokemon_google_0085_0.jpg,aeroplane
collection_aeroplane_aeroplane_+_pokemon_google_0088_0.jpg,aeroplane
collection_aeroplane_aeroplane_+_pokemon_google_0091_0.jpg,aeroplane
collection_aeroplane_aeroplane_+_pokemon_google_0091_1.jpg,aeroplane
collection_aeroplane_aeroplane_+_pokemon_google_0091_2.jpg,aeroplane
collection_aeroplane_aeroplane_+_pokemon_google_0095_0.jpg,aeroplane
collection_aeroplane_aeroplane_+_pokemon_google_0098_0.jpg,aeroplane
collection_aeroplane_aeroplane_+_pokemon_google_0098_1.jpg,aeroplane
collection_aeroplane_aeroplane_+_pokemon_google_0099_0.jpg,aeroplane
collection_aeroplane_aeroplane_+_pokemon_google_0100_0.jpg,aeroplane
collection_aeroplane_aeroplane_+_pokemon_google_0102_0.jpg,aeroplane
collection_aeroplane_aeroplane_+_pokemon_google_0103_0.jpg,aeroplane
collection_aeroplane_aeroplane_+_pokemon_google_0109_0.jpg,aeroplane
collection_aeroplane_aeroplane_+_pokemon_google_0111_0.jpg,aeroplane
collection_aeroplane_aeroplane_+_pokemon_google_0112_0.jpg,aeroplane
collection_aeroplane_aeroplane_+_pokemon_google_0118_0.jpg,aeroplane
collection_aeroplane_aeroplane_+_pokemon_google_0125_0.jpg,aeroplane
collection_aeroplane_aeroplane_+_pokemon_google_0130_0.jpg,aeroplane
collection_aeroplane_aeroplane_+_pokemon_google_0140_0.jpg,aeroplane
collection_aeroplane_aeroplane_+_pokemon_google_0143_0.jpg,aeroplane
collection_aeroplane_aeroplane_+_pokemon_google_0146_0.jpg,aeroplane
collection_aeroplane_aeroplane_+_pokemon_google_0154_0.jpg,aeroplane
collection_aeroplane_aeroplane_+_pokemon_google_0158_0.jpg,aeroplane
collection_aeroplane_aeroplane_+_pokemon_google_0159_0.jpg,aeroplane
collection_aeroplane_aeroplane_+_pokemon_google_0161_0.jpg,aeroplane
collection_aeroplane_aeroplane_+_pokemon_google_0164_0.jpg,aeroplane
collection_aeroplane_aeroplane_+_pokemon_google_0165_0.jpg,aeroplane
collection_aeroplane_aeroplane_+_pokemon_google_0166_0.jpg,aeroplane
collection_aeroplane_aeroplane_+_pokemon_google_0170_0.jpg,aeroplane
collection_aeroplane_aeroplane_+_pokemon_google_0174_0.jpg,aeroplane
collection_aeroplane_aeroplane_+_pokemon_google_0174_1.jpg,aeroplane
collection_aeroplane_aeroplane_+_pokemon_google_0174_2.jpg,aeroplane
collection_aeroplane_aeroplane_+_pokemon_google_0174_3.jpg,aeroplane
collection_aeroplane_aeroplane_+_pokemon_google_0174_4.jpg,aeroplane
collection_aeroplane_aeroplane_+_pokemon_google_0175_0.jpg,aeroplane
collection_aeroplane_aeroplane_+_pokemon_google_0189_0.jpg,aeroplane
collection_aeroplane_aeroplane_+_pokemon_google_0191_0.jpg,aeroplane
collection_aeroplane_aeroplane_+_pokemon_google_0197_0.jpg,aeroplane
collection_aeroplane_aeroplane_+_pokemon_google_0203_0.jpg,aeroplane
collection_aeroplane_aeroplane_+_pokemon_google_0221_0.jpg,aeroplane
collection_aeroplane_aeroplane_+_pokemon_google_0221_1.jpg,aeroplane
collection_aeroplane_aeroplane_+_pokemon_google_0221_2.jpg,aeroplane
collection_aeroplane_aeroplane_+_pokemon_google_0221_3.jpg,aeroplane
collection_aeroplane_aeroplane_+_tiger_google_0001_0.jpg,aeroplane
collection_aeroplane_aeroplane_+_tiger_google_0005_0.jpg,aeroplane
collection_aeroplane_aeroplane_+_tiger_google_0007_0.jpg,aeroplane
collection_aeroplane_aeroplane_+_tiger_google_0009_0.jpg,aeroplane
collection_aeroplane_aeroplane_+_tiger_google_0013_0.jpg,aeroplane
collection_aeroplane_aeroplane_+_tiger_google_0017_0.jpg,aeroplane
collection_aeroplane_aeroplane_+_tiger_google_0019_0.jpg,aeroplane
collection_aeroplane_aeroplane_+_tiger_google_0019_1.jpg,aeroplane
collection_bicycle_Track_cycling_google_0001_0.jpg,bicycle
collection_bicycle_Track_cycling_google_0001_1.jpg,bicycle
collection_bicycle_Track_cycling_google_0001_2.jpg,bicycle
collection_bicycle_Track_cycling_google_0002_0.jpg,bicycle
collection_bicycle_Track_cycling_google_0002_1.jpg,bicycle
collection_bicycle_Track_cycling_google_0002_2.jpg,bicycle
collection_bicycle_Track_cycling_google_0002_3.jpg,bicycle
collection_bicycle_Track_cycling_google_0005_0.jpg,bicycle
collection_bicycle_Track_cycling_google_0005_1.jpg,bicycle
collection_bicycle_Track_cycling_google_0005_2.jpg,bicycle
collection_bicycle_Track_cycling_google_0005_3.jpg,bicycle
collection_bicycle_Track_cycling_google_0005_4.jpg,bicycle
collection_bicycle_Track_cycling_google_0005_5.jpg,bicycle
collection_bicycle_Track_cycling_google_0005_6.jpg,bicycle
collection_bicycle_Track_cycling_google_0008_0.jpg,bicycle
collection_bicycle_Track_cycling_google_0014_0.jpg,bicycle
collection_bicycle_Track_cycling_google_0014_1.jpg,bicycle
collection_bicycle_Track_cycling_google_0014_2.jpg,bicycle
collection_bicycle_Track_cycling_google_0014_3.jpg,bicycle
collection_bicycle_Track_cycling_google_0015_0.jpg,boat
collection_bicycle_Track_cycling_google_0015_1.jpg,bicycle
collection_bicycle_Track_cycling_google_0015_2.jpg,bicycle
collection_bicycle_Track_cycling_google_0015_3.jpg,bicycle
collection_bicycle_Track_cycling_google_0015_4.jpg,bicycle
collection_bicycle_Track_cycling_google_0022_0.jpg,bicycle
collection_bicycle_Track_cycling_google_0022_1.jpg,bicycle
collection_bicycle_Track_cycling_google_0022_2.jpg,bicycle
collection_bicycle_Track_cycling_google_0022_3.jpg,bicycle
collection_bicycle_Track_cycling_google_0024_0.jpg,bicycle
collection_bicycle_Track_cycling_google_0024_1.jpg,bicycle
collection_bicycle_Track_cycling_google_0028_0.jpg,bicycle
collection_bicycle_Track_cycling_google_0028_1.jpg,bicycle
collection_bicycle_Track_cycling_google_0028_2.jpg,bicycle
collection_bicycle_Track_cycling_google_0031_0.jpg,bicycle
collection_bicycle_Track_cycling_google_0031_1.jpg,bicycle
collection_bicycle_Track_cycling_google_0034_0.jpg,bicycle
collection_bicycle_Track_cycling_google_0034_1.jpg,bicycle
collection_bicycle_Track_cycling_google_0034_2.jpg,bicycle
collection_bicycle_Track_cycling_google_0035_0.jpg,bicycle
collection_bicycle_Track_cycling_google_0035_1.jpg,bicycle
collection_bicycle_Track_cycling_google_0035_2.jpg,bicycle
collection_bicycle_Track_cycling_google_0035_3.jpg,bicycle
collection_bicycle_Track_cycling_google_0037_0.jpg,bicycle
collection_bicycle_Track_cycling_google_0037_1.jpg,bicycle
collection_bicycle_Track_cycling_google_0037_2.jpg,bicycle
collection_bicycle_Track_cycling_google_0054_0.jpg,bicycle
collection_bicycle_Track_cycling_google_0054_1.jpg,bicycle
collection_bicycle_Track_cycling_google_0054_2.jpg,bicycle
collection_bicycle_Track_cycling_google_0054_3.jpg,motorbike
collection_bicycle_Track_cycling_google_0054_4.jpg,bicycle
collection_bicycle_Track_cycling_google_0054_5.jpg,bicycle
collection_bicycle_Track_cycling_google_0054_6.jpg,bicycle
collection_bicycle_Track_cycling_google_0054_7.jpg,bicycle
collection_bicycle_Track_cycling_google_0055_0.jpg,bicycle
collection_bicycle_Track_cycling_google_0055_1.jpg,motorbike
collection_bicycle_Track_cycling_google_0055_2.jpg,bicycle
collection_bicycle_Track_cycling_google_0055_3.jpg,bicycle
collection_bicycle_Track_cycling_google_0058_0.jpg,bicycle
collection_bicycle_Track_cycling_google_0058_1.jpg,bicycle
collection_bicycle_Track_cycling_google_0058_2.jpg,bicycle
collection_bicycle_Track_cycling_google_0062_0.jpg,bicycle
collection_bicycle_Track_cycling_google_0062_1.jpg,bicycle
collection_bicycle_Track_cycling_google_0062_2.jpg,bicycle
collection_bicycle_Track_cycling_google_0070_0.jpg,bicycle
collection_boat_Dargon_boat_google_0005_0.jpg,boat
collection_boat_Dargon_boat_google_0006_0.jpg,boat
collection_boat_Dargon_boat_google_0008_0.jpg,boat
collection_boat_Dargon_boat_google_0008_1.jpg,boat
collection_boat_Dargon_boat_google_0008_2.jpg,boat
collection_boat_Dargon_boat_google_0008_3.jpg,boat
collection_boat_Dargon_boat_google_0009_0.jpg,boat
collection_boat_Dargon_boat_google_0017_0.jpg,boat
collection_boat_Dargon_boat_google_0021_0.jpg,boat
collection_boat_Dargon_boat_google_0021_1.jpg,boat
collection_boat_Dargon_boat_google_0021_2.jpg,boat
collection_boat_Dargon_boat_google_0023_0.jpg,boat
collection_boat_Dargon_boat_google_0034_0.jpg,boat
collection_boat_Dargon_boat_google_0035_0.jpg,boat
collection_boat_Dargon_boat_google_0035_1.jpg,boat
collection_boat_Dargon_boat_google_0039_0.jpg,motorbike
collection_boat_Dargon_boat_google_0043_0.jpg,boat
collection_boat_Dargon_boat_google_0044_0.jpg,boat
collection_boat_Prirate_ship_naver_0100_0.jpg,boat
collection_boat_boat_+_pokemon_google_0013_0.jpg,boat
collection_boat_boat_+_pokemon_google_0013_1.jpg,boat
collection_boat_boat_+_underwater_google_0000_0.jpg,boat
collection_boat_boat_+_underwater_google_0002_0.jpg,boat
collection_boat_boat_+_underwater_google_0005_0.jpg,boat
collection_boat_viking_boat_google_0000_0.jpg,boat
collection_boat_viking_boat_google_0004_0.jpg,boat
collection_boat_viking_boat_google_0007_0.jpg,train
collection_boat_viking_boat_google_0008_0.jpg,boat
collection_boat_viking_boat_google_0013_0.jpg,boat
collection_boat_viking_boat_google_0021_0.jpg,aeroplane
collection_boat_viking_boat_google_0027_0.jpg,boat
collection_boat_viking_boat_google_0030_0.jpg,boat
collection_bus_Beach_shuttle_bus_google_0000_0.jpg,bus
collection_bus_Beach_shuttle_bus_google_0001_0.jpg,bus
collection_bus_Beach_shuttle_bus_google_0003_0.jpg,bus
collection_bus_Beach_shuttle_bus_google_0005_0.jpg,bus
collection_bus_Beach_shuttle_bus_google_0007_0.jpg,bus
collection_bus_Beach_shuttle_bus_google_0007_1.jpg,bus
collection_bus_Beach_shuttle_bus_google_0009_0.jpg,bus
collection_bus_Beach_shuttle_bus_google_0013_0.jpg,bus
collection_bus_Beach_shuttle_bus_google_0014_0.jpg,bus
collection_bus_Beach_shuttle_bus_google_0018_0.jpg,bus
collection_bus_Beach_shuttle_bus_google_0021_0.jpg,bus
collection_bus_Beach_shuttle_bus_google_0025_0.jpg,bus
collection_bus_Beach_shuttle_bus_google_0026_0.jpg,bus
collection_bus_Beach_shuttle_bus_google_0027_0.jpg,bus
collection_bus_Beach_shuttle_bus_google_0033_0.jpg,bus
collection_bus_Beach_shuttle_bus_google_0034_0.jpg,bus
collection_bus_Beach_shuttle_bus_google_0044_0.jpg,bus
collection_bus_Beach_shuttle_bus_google_0045_0.jpg,bus
collection_bus_Beach_shuttle_bus_google_0050_0.jpg,bus
collection_bus_Beach_shuttle_bus_google_0052_0.jpg,bus
collection_bus_Beach_shuttle_bus_google_0053_0.jpg,bus
collection_bus_Beach_shuttle_bus_google_0053_2.jpg,bus
collection_bus_Beach_shuttle_bus_google_0058_0.jpg,bus
collection_bus_Beach_shuttle_bus_google_0059_0.jpg,bus
collection_bus_Beach_shuttle_bus_google_0062_0.jpg,bus
collection_bus_Beach_shuttle_bus_google_0073_0.jpg,bus
collection_bus_Beach_shuttle_bus_google_0080_0.jpg,bus
collection_bus_Beach_shuttle_bus_google_0097_0.jpg,bus
collection_bus_Beach_shuttle_bus_google_0102_0.jpg,bus
collection_bus_Beach_shuttle_bus_google_0104_0.jpg,bus
collection_bus_Beach_shuttle_bus_google_0122_0.jpg,bus
collection_bus_Beach_shuttle_bus_google_0124_0.jpg,bus
collection_bus_Beach_shuttle_bus_google_0131_0.jpg,bus
collection_bus_Beach_shuttle_bus_google_0133_0.jpg,car
collection_bus_Beach_shuttle_bus_google_0136_0.jpg,car
collection_bus_Beach_shuttle_bus_google_0138_0.jpg,bus
collection_bus_Beach_shuttle_bus_google_0139_0.jpg,bus
collection_bus_Beach_shuttle_bus_google_0143_0.jpg,bus
collection_bus_Beach_shuttle_bus_google_0145_0.jpg,bus
collection_bus_Beach_shuttle_bus_google_0150_0.jpg,bus
collection_bus_Beach_shuttle_bus_google_0150_1.jpg,bus
collection_bus_Beach_shuttle_bus_google_0150_2.jpg,bus
collection_bus_Beach_shuttle_bus_google_0150_3.jpg,bus
collection_bus_Beach_shuttle_bus_google_0150_4.jpg,bus
collection_bus_bus_+_pokemon_google_0001_0.jpg,bus
collection_bus_bus_+_pokemon_google_0002_0.jpg,bus
collection_bus_bus_+_pokemon_google_0005_0.jpg,bus
collection_bus_bus_+_pokemon_google_0006_0.jpg,bus
collection_bus_bus_+_pokemon_google_0007_0.jpg,bus
collection_bus_bus_+_pokemon_google_0012_0.jpg,bus
collection_bus_bus_+_pokemon_google_0016_0.jpg,bus
collection_bus_bus_+_pokemon_google_0018_0.jpg,bus
collection_bus_bus_+_pokemon_google_0020_0.jpg,bus
collection_bus_bus_+_pokemon_google_0021_0.jpg,bus
collection_bus_bus_+_pokemon_google_0026_0.jpg,bus
collection_bus_bus_+_pokemon_google_0027_0.jpg,bus
collection_bus_bus_+_pokemon_google_0028_0.jpg,bus
collection_bus_bus_+_pokemon_google_0035_0.jpg,bus
collection_bus_bus_+_pokemon_google_0043_0.jpg,bus
collection_bus_bus_+_pokemon_google_0046_0.jpg,bus
collection_bus_bus_+_pokemon_google_0047_0.jpg,bus
collection_bus_bus_+_pokemon_google_0055_0.jpg,bus
collection_bus_bus_+_pokemon_google_0061_0.jpg,bus
collection_bus_bus_+_pokemon_google_0063_0.jpg,bus
collection_bus_bus_+_pokemon_google_0067_0.jpg,bus
collection_bus_bus_+_pokemon_google_0110_0.jpg,bus
collection_bus_pokemon_bus_on_the_road_google_0000_0.jpg,bus
collection_bus_pokemon_bus_on_the_road_google_0002_0.jpg,bus
collection_bus_pokemon_bus_on_the_road_google_0003_0.jpg,car
collection_bus_pokemon_bus_on_the_road_google_0004_0.jpg,bus
collection_bus_pokemon_bus_on_the_road_google_0005_0.jpg,bus
collection_bus_pokemon_bus_on_the_road_google_0007_0.jpg,bus
collection_bus_pokemon_bus_on_the_road_google_0011_0.jpg,bus
collection_bus_pokemon_bus_on_the_road_google_0012_0.jpg,bus
collection_bus_pokemon_bus_on_the_road_google_0013_0.jpg,bus
collection_bus_pokemon_bus_on_the_road_google_0016_0.jpg,bus
collection_bus_pokemon_bus_on_the_road_google_0020_0.jpg,bus
collection_bus_pokemon_bus_on_the_road_google_0027_0.jpg,bus
collection_bus_pokemon_bus_on_the_road_google_0030_0.jpg,bus
collection_bus_pokemon_bus_on_the_road_google_0031_0.jpg,bus
collection_bus_pokemon_bus_on_the_road_google_0035_0.jpg,bus
collection_bus_pokemon_bus_on_the_road_google_0047_0.jpg,bus
collection_bus_pokemon_bus_on_the_road_google_0049_0.jpg,bus
collection_bus_pokemon_bus_on_the_road_google_0051_0.jpg,bus
collection_car_car_+_pokemon_google_0002_0.jpg,car
collection_car_car_+_pokemon_google_0003_0.jpg,car
collection_car_car_+_pokemon_google_0011_0.jpg,car
collection_car_car_+_pokemon_google_0011_1.jpg,car
collection_car_car_+_pokemon_google_0012_0.jpg,car
collection_car_car_+_pokemon_google_0013_0.jpg,car
collection_car_car_+_pokemon_google_0015_0.jpg,car
collection_car_car_+_pokemon_google_0017_0.jpg,car
collection_car_car_+_pokemon_google_0023_0.jpg,car
collection_car_car_+_pokemon_google_0027_0.jpg,car
collection_car_car_+_pokemon_google_0027_1.jpg,car
collection_car_car_+_pokemon_google_0031_0.jpg,car
collection_car_car_+_pokemon_google_0031_1.jpg,car
collection_car_car_+_pokemon_google_0035_0.jpg,car
collection_car_car_+_pokemon_google_0042_0.jpg,car
collection_car_car_+_pokemon_google_0042_1.jpg,car
collection_car_car_+_pokemon_google_0042_2.jpg,car
collection_car_car_+_pokemon_google_0044_0.jpg,car
collection_car_car_+_pokemon_google_0044_1.jpg,car
collection_car_car_+_pokemon_google_0044_2.jpg,car
collection_car_car_+_pokemon_google_0044_3.jpg,car
collection_car_car_+_pokemon_google_0050_0.jpg,car
collection_car_car_+_pokemon_google_0055_0.jpg,car
collection_car_car_+_pokemon_google_0064_0.jpg,car
collection_car_car_+_pokemon_google_0070_0.jpg,car
collection_car_custom_car_google_0000_0.jpg,boat
collection_car_custom_car_google_0002_0.jpg,car
collection_car_custom_car_google_0003_0.jpg,car
collection_car_custom_car_google_0007_0.jpg,motorbike
collection_car_custom_car_google_0007_1.jpg,car
collection_car_custom_car_google_0012_0.jpg,car
collection_car_custom_car_google_0013_0.jpg,car
collection_car_custom_car_google_0015_0.jpg,car
collection_car_custom_car_google_0017_0.jpg,boat
collection_car_custom_car_google_0021_0.jpg,car
collection_car_custom_car_google_0029_0.jpg,car
collection_car_supercar_on_the_road_google_0000_0.jpg,car
collection_car_supercar_on_the_road_google_0001_0.jpg,car
collection_car_supercar_on_the_road_google_0112_0.jpg,car
collection_car_supercar_on_the_road_google_0112_1.jpg,car
collection_car_supercar_on_the_road_google_0112_3.jpg,car
collection_car_supercar_on_the_road_google_0112_4.jpg,car
collection_chair_Flying_chair_google_0001_0.jpg,bicycle
collection_chair_Flying_chair_google_0010_0.jpg,chair
collection_chair_Flying_chair_google_0010_1.jpg,chair
collection_chair_Flying_chair_google_0020_0.jpg,sofa
collection_chair_Flying_chair_google_0042_0.jpg,boat
collection_chair_Flying_chair_google_0101_0.jpg,sofa
collection_chair_Flying_chair_google_0138_0.jpg,sofa
collection_chair_Flying_chair_google_0138_1.jpg,chair
collection_chair_Flying_chair_google_0139_0.jpg,boat
collection_chair_Flying_chair_google_0139_1.jpg,boat
collection_chair_Flying_chair_google_0139_2.jpg,boat
collection_chair_Flying_chair_google_0139_3.jpg,motorbike
collection_chair_Flying_chair_google_0139_4.jpg,boat
collection_chair_Flying_chair_google_0140_0.jpg,chair
collection_chair_Flying_chair_google_0140_1.jpg,boat
collection_chair_Flying_chair_google_0140_2.jpg,boat
collection_chair_Flying_chair_google_0140_3.jpg,chair
collection_chair_Flying_chair_google_0140_4.jpg,chair
collection_chair_Flying_chair_google_0140_5.jpg,boat
collection_chair_Flying_chair_google_0140_6.jpg,boat
collection_chair_creative_chair_google_0003_0.jpg,chair
collection_chair_creative_chair_google_0011_0.jpg,chair
collection_chair_creative_chair_google_0011_1.jpg,chair
collection_motorbike_bat_motorbike_on_the_road_google_0000_0.jpg,motorbike
collection_motorbike_bat_motorbike_on_the_road_google_0002_0.jpg,motorbike
collection_motorbike_bat_motorbike_on_the_road_google_0003_0.jpg,motorbike
collection_motorbike_batcycle_on_the_road_google_0001_0.jpg,motorbike
collection_motorbike_batcycle_on_the_road_google_0006_0.jpg,motorbike
collection_motorbike_batcycle_on_the_road_google_0010_0.jpg,motorbike
collection_motorbike_batcycle_on_the_road_google_0011_0.jpg,motorbike
collection_motorbike_batcycle_on_the_road_google_0012_0.jpg,motorbike
collection_motorbike_batcycle_on_the_road_google_0013_0.jpg,motorbike
collection_motorbike_batcycle_on_the_road_google_0014_0.jpg,motorbike
collection_motorbike_batcycle_on_the_road_google_0016_0.jpg,motorbike
collection_motorbike_batcycle_on_the_road_google_0016_1.jpg,motorbike
collection_motorbike_batcycle_on_the_road_google_0017_0.jpg,motorbike
collection_motorbike_batcycle_on_the_road_google_0022_0.jpg,motorbike
collection_motorbike_batcycle_on_the_road_google_0024_0.jpg,motorbike
collection_motorbike_batcycle_on_the_road_google_0027_0.jpg,motorbike
collection_motorbike_batcycle_on_the_road_google_0029_0.jpg,motorbike
collection_motorbike_batcycle_on_the_road_google_0033_0.jpg,motorbike
collection_motorbike_batcycle_on_the_road_google_0034_0.jpg,motorbike
collection_motorbike_batcycle_on_the_road_google_0034_1.jpg,motorbike
collection_motorbike_batcycle_on_the_road_google_0035_0.jpg,motorbike
collection_motorbike_batcycle_on_the_road_google_0038_0.jpg,motorbike
collection_motorbike_batcycle_on_the_road_google_0039_0.jpg,motorbike
collection_motorbike_batcycle_on_the_road_google_0041_0.jpg,motorbike
collection_motorbike_batcycle_on_the_road_google_0042_0.jpg,motorbike
collection_motorbike_batcycle_on_the_road_google_0043_0.jpg,motorbike
collection_motorbike_batcycle_on_the_road_google_0044_0.jpg,motorbike
collection_motorbike_batcycle_on_the_road_google_0047_0.jpg,motorbike
collection_motorbike_batcycle_on_the_road_google_0050_0.jpg,motorbike
collection_motorbike_batcycle_on_the_road_google_0054_0.jpg,motorbike
collection_motorbike_batcycle_on_the_road_google_0054_4.jpg,car
collection_motorbike_batcycle_on_the_road_google_0057_0.jpg,motorbike
collection_motorbike_batcycle_on_the_road_google_0061_0.jpg,motorbike
collection_motorbike_batcycle_on_the_road_google_0067_0.jpg,motorbike
collection_motorbike_competetive_motorbike_on_the_road_google_0007_0.jpg,motorbike
collection_motorbike_competetive_motorbike_on_the_road_google_0012_0.jpg,motorbike
collection_motorbike_competetive_motorbike_on_the_road_google_0013_0.jpg,motorbike
collection_motorbike_competetive_motorbike_on_the_road_google_0013_2.jpg,bicycle
collection_motorbike_competetive_motorbike_on_the_road_google_0013_3.jpg,chair
collection_motorbike_competetive_motorbike_on_the_road_google_0019_0.jpg,motorbike
collection_motorbike_competetive_motorbike_on_the_road_google_0019_1.jpg,motorbike
collection_motorbike_competetive_motorbike_on_the_road_google_0022_0.jpg,motorbike
collection_motorbike_competetive_motorbike_on_the_road_google_0022_1.jpg,motorbike
collection_motorbike_competetive_motorbike_on_the_road_google_0022_2.jpg,motorbike
collection_motorbike_competetive_motorbike_on_the_road_google_0036_0.jpg,motorbike
collection_motorbike_competetive_motorbike_on_the_road_google_0036_1.jpg,motorbike
collection_motorbike_competetive_motorbike_on_the_road_google_0046_0.jpg,motorbike
collection_motorbike_competetive_motorbike_on_the_road_google_0047_0.jpg,motorbike
collection_motorbike_competetive_motorbike_on_the_road_google_0059_0.jpg,motorbike
collection_motorbike_competetive_motorbike_on_the_road_google_0062_0.jpg,motorbike
collection_motorbike_competetive_motorbike_on_the_road_google_0068_0.jpg,bicycle
collection_motorbike_competetive_motorbike_on_the_road_google_0074_0.jpg,motorbike
collection_motorbike_competetive_motorbike_on_the_road_google_0074_1.jpg,motorbike
collection_motorbike_competetive_motorbike_on_the_road_google_0074_2.jpg,motorbike
collection_motorbike_competetive_motorbike_on_the_road_google_0093_0.jpg,motorbike
collection_motorbike_competetive_motorbike_on_the_road_google_0098_0.jpg,motorbike
collection_motorbike_competetive_motorbike_on_the_road_google_0098_1.jpg,motorbike
collection_motorbike_competetive_motorbike_on_the_road_google_0098_2.jpg,motorbike
collection_motorbike_competetive_motorbike_on_the_road_google_0098_3.jpg,motorbike
collection_motorbike_competetive_motorbike_on_the_road_google_0109_0.jpg,motorbike
collection_motorbike_competetive_motorbike_on_the_road_google_0117_0.jpg,motorbike
collection_motorbike_competetive_motorbike_on_the_road_google_0119_0.jpg,motorbike
collection_motorbike_competetive_motorbike_on_the_road_google_0119_1.jpg,motorbike
collection_motorbike_competetive_motorbike_on_the_road_google_0119_2.jpg,motorbike
collection_motorbike_competetive_motorbike_on_the_road_google_0124_0.jpg,motorbike
collection_motorbike_dirt_bike_racing_google_0001_0.jpg,motorbike
collection_motorbike_dirt_bike_racing_google_0001_1.jpg,motorbike
collection_motorbike_dirt_bike_racing_google_0001_2.jpg,motorbike
collection_motorbike_dirt_bike_racing_google_0001_3.jpg,motorbike
collection_motorbike_dirt_bike_racing_google_0001_4.jpg,motorbike
collection_motorbike_dirt_bike_racing_google_0001_5.jpg,motorbike
collection_motorbike_dirt_bike_racing_google_0001_6.jpg,motorbike
collection_motorbike_dirt_bike_racing_google_0001_7.jpg,motorbike
collection_motorbike_dirt_bike_racing_google_0001_8.jpg,motorbike
collection_motorbike_dirt_bike_racing_google_0001_9.jpg,motorbike
collection_motorbike_dirt_bike_racing_google_0001_14.jpg,motorbike
collection_motorbike_dirt_bike_racing_google_0002_0.jpg,motorbike
collection_motorbike_dirt_bike_racing_google_0002_1.jpg,motorbike
collection_motorbike_dirt_bike_racing_google_0002_2.jpg,motorbike
collection_motorbike_dirt_bike_racing_google_0004_0.jpg,motorbike
collection_motorbike_dirt_bike_racing_google_0005_0.jpg,motorbike
collection_motorbike_dirt_bike_racing_google_0005_1.jpg,motorbike
collection_motorbike_dirt_bike_racing_google_0005_2.jpg,motorbike
collection_motorbike_dirt_bike_racing_google_0018_0.jpg,motorbike
collection_motorbike_dirt_bike_racing_google_0018_1.jpg,motorbike
collection_motorbike_dirt_bike_racing_google_0018_2.jpg,motorbike
collection_motorbike_dirt_bike_racing_google_0018_3.jpg,motorbike
collection_motorbike_dirt_bike_racing_google_0030_0.jpg,motorbike
collection_motorbike_dirt_bike_racing_google_0032_0.jpg,motorbike
collection_motorbike_dirt_bike_racing_google_0050_0.jpg,motorbike
collection_motorbike_dirt_bike_racing_google_0050_1.jpg,motorbike
collection_motorbike_dirt_bike_racing_google_0050_2.jpg,motorbike
collection_motorbike_dirt_bike_racing_google_0050_3.jpg,motorbike
collection_motorbike_dirt_bike_racing_google_0057_0.jpg,motorbike
collection_motorbike_dirt_bike_racing_google_0066_0.jpg,motorbike
collection_motorbike_dirt_bike_racing_google_0066_1.jpg,motorbike
collection_motorbike_motorbike_+_pokemon_google_0001_0.jpg,motorbike
collection_motorbike_motorbike_+_pokemon_google_0040_0.jpg,motorbike
collection_motorbike_motorbike_+_pokemon_google_0041_0.jpg,motorbike
collection_motorbike_motorbike_+_pokemon_google_0052_0.jpg,motorbike
collection_motorbike_motorbike_+_pokemon_google_0078_0.jpg,motorbike
collection_motorbike_motorbike_+_pokemon_google_0088_0.jpg,motorbike
collection_motorbike_motorbike_+_pokemon_google_0175_0.jpg,motorbike
collection_sofa_sofa_+_pokemon_google_0000_0.jpg,sofa
collection_sofa_sofa_+_pokemon_google_0001_0.jpg,sofa
collection_sofa_sofa_+_pokemon_google_0004_0.jpg,sofa
collection_sofa_sofa_+_pokemon_google_0005_0.jpg,sofa
collection_sofa_sofa_+_pokemon_google_0007_0.jpg,sofa
collection_sofa_sofa_+_pokemon_google_0008_0.jpg,sofa
collection_sofa_sofa_+_pokemon_google_0010_0.jpg,sofa
collection_sofa_sofa_+_pokemon_google_0011_0.jpg,sofa
collection_sofa_sofa_+_pokemon_google_0012_0.jpg,sofa
collection_sofa_sofa_+_pokemon_google_0015_0.jpg,sofa
collection_sofa_sofa_+_pokemon_google_0017_0.jpg,sofa
collection_sofa_sofa_+_pokemon_google_0053_0.jpg,sofa
collection_sofa_sofa_+_pokemon_google_0112_0.jpg,sofa
collection_sofa_sofa_+_pokemon_google_0172_0.jpg,sofa
collection_train_train_+_fog_OR_foggy_OR_smog_google_0001_0.jpg,train
collection_train_train_+_fog_OR_foggy_OR_smog_google_0003_0.jpg,train
collection_train_train_+_fog_OR_foggy_OR_smog_google_0004_0.jpg,train
collection_train_train_+_fog_OR_foggy_OR_smog_google_0006_0.jpg,train
collection_train_train_+_fog_OR_foggy_OR_smog_google_0007_0.jpg,train
collection_train_train_+_fog_OR_foggy_OR_smog_google_0009_0.jpg,train
collection_train_train_+_fog_OR_foggy_OR_smog_google_0010_0.jpg,train
collection_train_train_+_fog_OR_foggy_OR_smog_google_0011_0.jpg,train
collection_train_train_+_fog_OR_foggy_OR_smog_google_0012_0.jpg,train
collection_train_train_+_fog_OR_foggy_OR_smog_google_0013_0.jpg,car
collection_train_train_+_fog_OR_foggy_OR_smog_google_0014_0.jpg,train
collection_train_train_+_fog_OR_foggy_OR_smog_google_0015_0.jpg,train
collection_train_train_+_fog_OR_foggy_OR_smog_google_0016_0.jpg,train
collection_train_train_+_fog_OR_foggy_OR_smog_google_0018_0.jpg,train
collection_train_train_+_fog_OR_foggy_OR_smog_google_0019_0.jpg,train
collection_train_train_+_fog_OR_foggy_OR_smog_google_0021_0.jpg,train
collection_train_train_+_fog_OR_foggy_OR_smog_google_0022_0.jpg,train
collection_train_train_+_fog_OR_foggy_OR_smog_google_0025_0.jpg,train
collection_train_train_+_fog_OR_foggy_OR_smog_google_0026_0.jpg,train
collection_train_train_+_fog_OR_foggy_OR_smog_google_0028_0.jpg,train
collection_train_train_+_fog_OR_foggy_OR_smog_google_0032_0.jpg,train
collection_train_train_+_fog_OR_foggy_OR_smog_google_0033_0.jpg,train
collection_train_train_+_fog_OR_foggy_OR_smog_google_0034_0.jpg,train
collection_train_train_+_fog_OR_foggy_OR_smog_google_0037_0.jpg,train
collection_train_train_+_fog_OR_foggy_OR_smog_google_0044_0.jpg,train
collection_train_train_+_fog_OR_foggy_OR_smog_google_0046_0.jpg,train
collection_train_train_+_fog_OR_foggy_OR_smog_google_0051_0.jpg,train
collection_train_train_+_fog_OR_foggy_OR_smog_google_0059_0.jpg,train
collection_train_train_+_fog_OR_foggy_OR_smog_google_0060_0.jpg,train
collection_train_train_+_fog_OR_foggy_OR_smog_google_0063_0.jpg,train
collection_train_train_+_fog_OR_foggy_OR_smog_google_0066_0.jpg,train
collection_train_train_+_fog_OR_foggy_OR_smog_google_0070_0.jpg,train
collection_train_train_+_fog_OR_foggy_OR_smog_google_0072_0.jpg,train
collection_train_train_+_fog_OR_foggy_OR_smog_google_0073_0.jpg,train
collection_train_train_+_fog_OR_foggy_OR_smog_google_0075_0.jpg,train
collection_train_train_+_fog_OR_foggy_OR_smog_google_0081_0.jpg,train
collection_train_train_+_fog_OR_foggy_OR_smog_google_0082_0.jpg,train
collection_train_train_+_fog_OR_foggy_OR_smog_google_0083_0.jpg,train
collection_train_train_+_fog_OR_foggy_OR_smog_google_0084_0.jpg,train
collection_train_train_+_fog_OR_foggy_OR_smog_google_0085_0.jpg,train
collection_train_train_+_fog_OR_foggy_OR_smog_google_0088_0.jpg,train
collection_train_train_+_fog_OR_foggy_OR_smog_google_0093_0.jpg,train
collection_train_train_+_fog_OR_foggy_OR_smog_google_0095_0.jpg,train
collection_train_train_+_fog_OR_foggy_OR_smog_google_0096_0.jpg,train
collection_train_train_+_fog_OR_foggy_OR_smog_google_0097_0.jpg,train
collection_train_train_+_fog_OR_foggy_OR_smog_google_0098_0.jpg,train
collection_train_train_+_fog_OR_foggy_OR_smog_google_0099_0.jpg,train
collection_train_train_+_fog_OR_foggy_OR_smog_google_0105_0.jpg,boat
collection_train_train_+_fog_OR_foggy_OR_smog_google_0108_0.jpg,train
collection_train_train_+_fog_OR_foggy_OR_smog_google_0109_0.jpg,train
collection_train_train_+_fog_OR_foggy_OR_smog_google_0110_0.jpg,train
collection_train_train_+_fog_OR_foggy_OR_smog_google_0113_0.jpg,train
collection_train_train_+_fog_OR_foggy_OR_smog_google_0119_0.jpg,train
collection_train_train_+_fog_OR_foggy_OR_smog_google_0120_0.jpg,train
collection_train_train_+_fog_OR_foggy_OR_smog_google_0122_0.jpg,train
collection_train_train_+_fog_OR_foggy_OR_smog_google_0123_0.jpg,train
collection_train_train_+_fog_OR_foggy_OR_smog_google_0125_0.jpg,train
collection_train_train_+_fog_OR_foggy_OR_smog_google_0128_0.jpg,train
collection_train_train_+_fog_OR_foggy_OR_smog_google_0128_1.jpg,train
collection_train_train_+_fog_OR_foggy_OR_smog_google_0129_0.jpg,train
collection_train_train_+_fog_OR_foggy_OR_smog_google_0131_0.jpg,train
collection_train_train_+_fog_OR_foggy_OR_smog_google_0132_0.jpg,train
collection_train_train_+_fog_OR_foggy_OR_smog_google_0134_0.jpg,train
collection_train_train_+_fog_OR_foggy_OR_smog_google_0137_0.jpg,train
collection_train_train_+_fog_OR_foggy_OR_smog_google_0139_0.jpg,train
collection_train_train_+_fog_OR_foggy_OR_smog_google_0141_0.jpg,train
collection_train_train_+_fog_OR_foggy_OR_smog_google_0144_0.jpg,train
collection_train_train_+_fog_OR_foggy_OR_smog_google_0145_0.jpg,train
collection_train_train_+_fog_OR_foggy_OR_smog_google_0148_0.jpg,train
collection_train_train_+_fog_OR_foggy_OR_smog_google_0149_0.jpg,train
collection_train_train_+_fog_OR_foggy_OR_smog_google_0154_0.jpg,train
collection_train_train_+_fog_OR_foggy_OR_smog_google_0160_0.jpg,train
collection_train_train_+_fog_OR_foggy_OR_smog_google_0160_1.jpg,train
collection_train_train_+_fog_OR_foggy_OR_smog_google_0166_0.jpg,train
collection_train_train_+_fog_OR_foggy_OR_smog_google_0168_0.jpg,aeroplane
collection_train_train_+_fog_OR_foggy_OR_smog_google_0169_0.jpg,train
collection_train_train_+_fog_OR_foggy_OR_smog_google_0170_0.jpg,train
collection_train_train_+_fog_OR_foggy_OR_smog_google_0171_0.jpg,train
collection_train_train_+_fog_OR_foggy_OR_smog_google_0173_0.jpg,train
collection_train_train_+_fog_OR_foggy_OR_smog_google_0174_0.jpg,train
collection_train_train_+_fog_OR_foggy_OR_smog_google_0176_0.jpg,train
collection_train_train_+_fog_OR_foggy_OR_smog_google_0179_0.jpg,train
collection_train_train_+_fog_OR_foggy_OR_smog_google_0184_0.jpg,train
collection_train_train_+_fog_OR_foggy_OR_smog_google_0186_0.jpg,train
collection_train_train_+_fog_OR_foggy_OR_smog_google_0188_0.jpg,train
collection_train_train_+_fog_OR_foggy_OR_smog_google_0191_0.jpg,train
collection_train_train_+_fog_OR_foggy_OR_smog_google_0193_0.jpg,train
collection_train_train_+_fog_OR_foggy_OR_smog_google_0194_0.jpg,train
collection_train_train_+_fog_OR_foggy_OR_smog_google_0195_0.jpg,train
collection_train_train_+_fog_OR_foggy_OR_smog_google_0197_0.jpg,train
collection_train_train_+_fog_OR_foggy_OR_smog_google_0202_0.jpg,train
collection_train_train_+_fog_OR_foggy_OR_smog_google_0203_0.jpg,train
collection_train_train_+_fog_OR_foggy_OR_smog_google_0214_0.jpg,train
collection_train_train_+_fog_OR_foggy_OR_smog_google_0217_0.jpg,train
collection_train_train_+_fog_OR_foggy_OR_smog_google_0220_0.jpg,train
collection_train_train_+_fog_OR_foggy_OR_smog_naver_0000_0.jpg,train
collection_train_train_+_pokemon_google_0001_0.jpg,train
collection_train_train_+_pokemon_google_0004_0.jpg,train
collection_train_train_+_pokemon_google_0006_0.jpg,train
collection_train_train_+_pokemon_google_0012_0.jpg,train
collection_train_train_+_pokemon_google_0027_0.jpg,train
collection_train_train_+_pokemon_google_0032_0.jpg,train
collection_train_train_+_pokemon_google_0038_0.jpg,train
collection_train_train_+_pokemon_google_0042_0.jpg,train
collection_train_train_+_pokemon_google_0047_0.jpg,train
collection_train_train_+_pokemon_google_0049_0.jpg,train
collection_train_train_+_pokemon_google_0052_0.jpg,train
collection_train_train_+_pokemon_google_0062_0.jpg,train
collection_train_train_+_pokemon_google_0079_0.jpg,train
collection_train_train_+_pokemon_google_0080_0.jpg,train
collection_train_train_+_pokemon_google_0110_0.jpg,train
collection_train_train_+_pokemon_google_0113_0.jpg,train
collection_train_train_+_pokemon_google_0116_0.jpg,train
collection_train_train_+_pokemon_google_0126_0.jpg,train
collection_train_train_+_pokemon_google_0145_0.jpg,train
collection_train_train_+_pokemon_google_0150_0.jpg,train
collection_train_train_+_pokemon_google_0213_0.jpg,train
collection_train_train_+_pokemon_naver_0043_0.jpg,train
collection_train_train_+_pokemon_naver_0085_0.jpg,train
collection_train_train_+_pokemon_naver_0127_0.jpg,train
collection_bicycle_train_+_fog_OR_foggy_OR_smog_google_0110_1.jpg,bicycle
