imgs,pred
collection_aeroplane_aeroplane_+_indoor_google_0022_0.jpg,aeroplane
collection_aeroplane_aeroplane_+_indoor_google_0047_0.jpg,aeroplane
collection_aeroplane_aeroplane_+_indoor_google_0047_1.jpg,aeroplane
collection_aeroplane_aeroplane_+_indoor_google_0047_2.jpg,aeroplane
collection_aeroplane_aeroplane_+_indoor_google_0047_3.jpg,aeroplane
collection_aeroplane_aeroplane_+_indoor_google_0182_0.jpg,aeroplane
collection_aeroplane_aeroplane_+_indoor_google_0184_0.jpg,aeroplane
collection_aeroplane_aeroplane_+_indoor_google_0186_0.jpg,aeroplane
collection_aeroplane_aeroplane_+_indoor_google_0191_0.jpg,motorbike
collection_aeroplane_aeroplane_+_indoor_google_0192_0.jpg,aeroplane
collection_aeroplane_aeroplane_+_outspace_google_0000_0.jpg,aeroplane
collection_aeroplane_aeroplane_+_outspace_google_0001_0.jpg,aeroplane
collection_aeroplane_aeroplane_+_outspace_google_0002_0.jpg,aeroplane
collection_aeroplane_aeroplane_+_outspace_google_0003_0.jpg,aeroplane
collection_aeroplane_aeroplane_+_outspace_google_0004_0.jpg,aeroplane
collection_aeroplane_aeroplane_+_outspace_google_0004_1.jpg,car
collection_aeroplane_aeroplane_+_outspace_google_0005_0.jpg,aeroplane
collection_aeroplane_aeroplane_+_outspace_google_0006_0.jpg,aeroplane
collection_aeroplane_aeroplane_+_outspace_google_0007_0.jpg,aeroplane
collection_aeroplane_aeroplane_+_outspace_google_0008_0.jpg,aeroplane
collection_aeroplane_aeroplane_+_outspace_google_0009_0.jpg,aeroplane
collection_aeroplane_aeroplane_+_outspace_google_0010_0.jpg,aeroplane
collection_aeroplane_aeroplane_+_outspace_google_0014_0.jpg,chair
collection_aeroplane_aeroplane_+_outspace_google_0015_0.jpg,aeroplane
collection_aeroplane_aeroplane_+_outspace_google_0015_1.jpg,aeroplane
collection_aeroplane_aeroplane_+_outspace_google_0016_0.jpg,aeroplane
collection_aeroplane_aeroplane_+_outspace_google_0021_0.jpg,aeroplane
collection_aeroplane_aeroplane_+_outspace_google_0022_0.jpg,aeroplane
collection_aeroplane_aeroplane_+_outspace_google_0022_1.jpg,aeroplane
collection_aeroplane_aeroplane_+_outspace_google_0023_0.jpg,aeroplane
collection_aeroplane_aeroplane_+_outspace_google_0026_0.jpg,aeroplane
collection_aeroplane_aeroplane_+_outspace_google_0029_0.jpg,aeroplane
collection_aeroplane_aeroplane_+_outspace_google_0031_0.jpg,aeroplane
collection_aeroplane_aeroplane_+_outspace_google_0032_0.jpg,car
collection_aeroplane_aeroplane_+_outspace_google_0034_0.jpg,motorbike
collection_aeroplane_aeroplane_+_outspace_google_0035_0.jpg,aeroplane
collection_aeroplane_aeroplane_+_outspace_google_0036_0.jpg,aeroplane
collection_aeroplane_aeroplane_+_outspace_google_0037_0.jpg,aeroplane
collection_aeroplane_aeroplane_+_outspace_google_0040_0.jpg,aeroplane
collection_aeroplane_aeroplane_+_outspace_google_0040_1.jpg,aeroplane
collection_aeroplane_aeroplane_+_outspace_google_0040_2.jpg,aeroplane
collection_aeroplane_aeroplane_+_outspace_google_0041_0.jpg,aeroplane
collection_aeroplane_aeroplane_+_outspace_google_0043_0.jpg,aeroplane
collection_aeroplane_aeroplane_+_outspace_google_0044_0.jpg,aeroplane
collection_aeroplane_aeroplane_+_outspace_google_0045_0.jpg,aeroplane
collection_aeroplane_aeroplane_+_outspace_google_0048_0.jpg,aeroplane
collection_aeroplane_aeroplane_+_outspace_google_0053_0.jpg,aeroplane
collection_aeroplane_aeroplane_+_outspace_google_0053_1.jpg,aeroplane
collection_aeroplane_aeroplane_+_outspace_google_0058_0.jpg,aeroplane
collection_aeroplane_aeroplane_+_outspace_google_0059_0.jpg,aeroplane
collection_aeroplane_aeroplane_+_outspace_google_0059_1.jpg,aeroplane
collection_aeroplane_aeroplane_+_outspace_google_0060_0.jpg,aeroplane
collection_aeroplane_aeroplane_+_outspace_google_0061_0.jpg,aeroplane
collection_aeroplane_aeroplane_+_outspace_google_0062_0.jpg,aeroplane
collection_aeroplane_aeroplane_+_outspace_google_0071_0.jpg,aeroplane
collection_aeroplane_aeroplane_+_outspace_google_0071_1.jpg,aeroplane
collection_aeroplane_aeroplane_+_outspace_google_0072_0.jpg,aeroplane
collection_aeroplane_aeroplane_+_outspace_google_0074_0.jpg,aeroplane
collection_aeroplane_aeroplane_+_outspace_google_0077_0.jpg,aeroplane
collection_aeroplane_aeroplane_+_outspace_google_0083_0.jpg,aeroplane
collection_aeroplane_aeroplane_+_outspace_google_0085_0.jpg,aeroplane
collection_aeroplane_aeroplane_+_outspace_google_0086_0.jpg,aeroplane
collection_aeroplane_aeroplane_+_outspace_google_0086_1.jpg,aeroplane
collection_aeroplane_aeroplane_+_outspace_google_0087_0.jpg,aeroplane
collection_aeroplane_aeroplane_+_outspace_google_0088_0.jpg,aeroplane
collection_aeroplane_aeroplane_+_outspace_google_0090_0.jpg,aeroplane
collection_aeroplane_aeroplane_+_outspace_google_0090_1.jpg,aeroplane
collection_aeroplane_aeroplane_+_outspace_google_0090_2.jpg,aeroplane
collection_aeroplane_aeroplane_+_outspace_google_0093_0.jpg,aeroplane
collection_aeroplane_aeroplane_+_outspace_google_0094_0.jpg,aeroplane
collection_aeroplane_aeroplane_+_outspace_google_0097_0.jpg,aeroplane
collection_aeroplane_aeroplane_+_outspace_google_0099_0.jpg,aeroplane
collection_aeroplane_aeroplane_+_outspace_google_0100_0.jpg,aeroplane
collection_aeroplane_aeroplane_+_outspace_google_0100_1.jpg,boat
collection_aeroplane_aeroplane_+_outspace_google_0100_2.jpg,aeroplane
collection_aeroplane_aeroplane_+_outspace_google_0101_0.jpg,aeroplane
collection_aeroplane_aeroplane_+_outspace_google_0109_0.jpg,aeroplane
collection_aeroplane_aeroplane_+_outspace_google_0109_1.jpg,aeroplane
collection_aeroplane_aeroplane_+_outspace_google_0110_0.jpg,aeroplane
collection_aeroplane_aeroplane_+_outspace_google_0112_0.jpg,aeroplane
collection_aeroplane_aeroplane_+_outspace_google_0112_1.jpg,aeroplane
collection_aeroplane_aeroplane_+_outspace_google_0112_2.jpg,aeroplane
collection_aeroplane_aeroplane_+_outspace_google_0117_0.jpg,aeroplane
collection_aeroplane_aeroplane_+_outspace_google_0120_0.jpg,aeroplane
collection_aeroplane_aeroplane_+_outspace_google_0122_0.jpg,aeroplane
collection_aeroplane_aeroplane_+_outspace_google_0122_1.jpg,aeroplane
collection_aeroplane_aeroplane_+_outspace_google_0124_0.jpg,aeroplane
collection_aeroplane_aeroplane_+_outspace_google_0125_0.jpg,aeroplane
collection_aeroplane_aeroplane_+_outspace_google_0134_0.jpg,aeroplane
collection_aeroplane_aeroplane_+_outspace_google_0135_0.jpg,aeroplane
collection_aeroplane_aeroplane_+_outspace_google_0140_0.jpg,aeroplane
collection_aeroplane_aeroplane_+_outspace_google_0143_0.jpg,aeroplane
collection_aeroplane_aeroplane_+_outspace_google_0144_0.jpg,aeroplane
collection_aeroplane_aeroplane_+_outspace_google_0144_1.jpg,aeroplane
collection_aeroplane_aeroplane_+_outspace_google_0144_2.jpg,aeroplane
collection_aeroplane_aeroplane_+_outspace_google_0150_0.jpg,sofa
collection_aeroplane_aeroplane_+_outspace_google_0151_0.jpg,aeroplane
collection_aeroplane_aeroplane_+_outspace_google_0157_0.jpg,aeroplane
collection_aeroplane_aeroplane_+_outspace_google_0157_1.jpg,aeroplane
collection_aeroplane_aeroplane_+_outspace_google_0165_0.jpg,aeroplane
collection_aeroplane_aeroplane_+_outspace_google_0168_0.jpg,aeroplane
collection_aeroplane_aeroplane_+_outspace_google_0169_0.jpg,diningtable
collection_aeroplane_aeroplane_+_outspace_google_0204_0.jpg,aeroplane
collection_aeroplane_aeroplane_+_outspace_google_0208_0.jpg,aeroplane
collection_aeroplane_aeroplane_+_outspace_google_0209_0.jpg,aeroplane
collection_aeroplane_aeroplane_+_outspace_google_0214_0.jpg,aeroplane
collection_aeroplane_aeroplane_+_outspace_google_0215_0.jpg,aeroplane
collection_aeroplane_aeroplane_+_outspace_google_0220_0.jpg,aeroplane
collection_aeroplane_aeroplane_+_underwater_google_0002_0.jpg,aeroplane
collection_aeroplane_aeroplane_+_underwater_google_0003_0.jpg,boat
collection_aeroplane_aeroplane_+_underwater_google_0006_0.jpg,boat
collection_aeroplane_aeroplane_+_underwater_google_0010_0.jpg,aeroplane
collection_aeroplane_aeroplane_+_underwater_google_0012_0.jpg,aeroplane
collection_aeroplane_aeroplane_+_underwater_google_0015_0.jpg,aeroplane
collection_aeroplane_aeroplane_+_underwater_google_0017_0.jpg,chair
collection_aeroplane_aeroplane_+_underwater_google_0023_0.jpg,aeroplane
collection_aeroplane_aeroplane_+_underwater_google_0030_0.jpg,aeroplane
collection_aeroplane_aeroplane_+_underwater_google_0032_0.jpg,aeroplane
collection_aeroplane_aeroplane_+_underwater_google_0037_0.jpg,aeroplane
collection_aeroplane_aeroplane_+_underwater_google_0050_0.jpg,aeroplane
collection_aeroplane_aeroplane_+_underwater_google_0051_0.jpg,aeroplane
collection_aeroplane_aeroplane_+_underwater_google_0053_0.jpg,aeroplane
collection_aeroplane_aeroplane_+_underwater_google_0057_0.jpg,aeroplane
collection_aeroplane_aeroplane_+_underwater_google_0063_0.jpg,aeroplane
collection_aeroplane_aeroplane_+_underwater_google_0065_0.jpg,aeroplane
collection_aeroplane_aeroplane_+_underwater_google_0066_0.jpg,aeroplane
collection_aeroplane_aeroplane_+_underwater_google_0067_0.jpg,aeroplane
collection_aeroplane_aeroplane_+_underwater_google_0071_0.jpg,sofa
collection_aeroplane_aeroplane_+_underwater_google_0085_0.jpg,aeroplane
collection_aeroplane_aeroplane_+_underwater_google_0090_0.jpg,aeroplane
collection_aeroplane_aeroplane_+_underwater_google_0091_0.jpg,aeroplane
collection_aeroplane_aeroplane_+_underwater_google_0092_0.jpg,chair
collection_aeroplane_aeroplane_+_underwater_google_0103_0.jpg,aeroplane
collection_aeroplane_aeroplane_+_underwater_google_0109_0.jpg,car
collection_aeroplane_aeroplane_+_underwater_google_0110_0.jpg,motorbike
collection_aeroplane_aeroplane_+_underwater_google_0111_0.jpg,aeroplane
collection_aeroplane_aeroplane_+_underwater_google_0120_0.jpg,boat
collection_aeroplane_aeroplane_+_underwater_google_0126_0.jpg,aeroplane
collection_aeroplane_aeroplane_+_underwater_google_0130_0.jpg,motorbike
collection_aeroplane_aeroplane_+_underwater_google_0145_0.jpg,aeroplane
collection_aeroplane_aeroplane_+_underwater_google_0156_0.jpg,aeroplane
collection_aeroplane_aeroplane_+_underwater_google_0160_0.jpg,aeroplane
collection_aeroplane_aeroplane_+_underwater_google_0160_1.jpg,bicycle
collection_aeroplane_aeroplane_+_underwater_google_0175_0.jpg,aeroplane
collection_aeroplane_aeroplane_+_underwater_google_0182_0.jpg,car
collection_aeroplane_aeroplane_+_underwater_google_0186_0.jpg,aeroplane
collection_aeroplane_aeroplane_+_underwater_google_0198_0.jpg,aeroplane
collection_aeroplane_aeroplane_+_underwater_google_0199_0.jpg,car
collection_aeroplane_aeroplane_+_underwater_google_0202_0.jpg,aeroplane
collection_aeroplane_aeroplane_+_underwater_google_0211_0.jpg,aeroplane
collection_aeroplane_aeroplane_+_underwater_google_0220_0.jpg,aeroplane
collection_bicycle_bicycle_+_indoor_naver_0011_0.jpg,bicycle
collection_bicycle_bicycle_+_outspace_google_0000_0.jpg,bicycle
collection_bicycle_bicycle_+_outspace_google_0001_0.jpg,motorbike
collection_bicycle_bicycle_+_outspace_google_0005_0.jpg,motorbike
collection_bicycle_bicycle_+_outspace_google_0006_0.jpg,bicycle
collection_bicycle_bicycle_+_outspace_google_0009_0.jpg,bicycle
collection_bicycle_bicycle_+_outspace_google_0016_0.jpg,bicycle
collection_bicycle_bicycle_+_outspace_google_0022_0.jpg,bicycle
collection_bicycle_bicycle_+_outspace_google_0027_0.jpg,bicycle
collection_bicycle_bicycle_+_outspace_google_0029_0.jpg,bicycle
collection_bicycle_bicycle_+_outspace_google_0051_0.jpg,bicycle
collection_bicycle_bicycle_+_outspace_google_0068_0.jpg,bicycle
collection_bicycle_bicycle_+_outspace_google_0068_1.jpg,bicycle
collection_bicycle_bicycle_+_outspace_google_0091_0.jpg,bicycle
collection_bicycle_bicycle_+_outspace_google_0100_0.jpg,bicycle
collection_bicycle_bicycle_+_outspace_google_0114_0.jpg,bicycle
collection_bicycle_bicycle_+_outspace_google_0147_0.jpg,bicycle
collection_bicycle_bicycle_+_outspace_google_0168_0.jpg,chair
collection_bicycle_bicycle_+_outspace_google_0204_0.jpg,bicycle
collection_bicycle_bicycle_+_underwater_google_0000_0.jpg,bicycle
collection_bicycle_bicycle_+_underwater_google_0001_0.jpg,bicycle
collection_bicycle_bicycle_+_underwater_google_0002_0.jpg,bicycle
collection_bicycle_bicycle_+_underwater_google_0002_1.jpg,bicycle
collection_bicycle_bicycle_+_underwater_google_0002_2.jpg,bicycle
collection_bicycle_bicycle_+_underwater_google_0002_3.jpg,bicycle
collection_bicycle_bicycle_+_underwater_google_0003_0.jpg,bicycle
collection_bicycle_bicycle_+_underwater_google_0004_0.jpg,motorbike
collection_bicycle_bicycle_+_underwater_google_0005_0.jpg,bicycle
collection_bicycle_bicycle_+_underwater_google_0006_0.jpg,bicycle
collection_bicycle_bicycle_+_underwater_google_0007_0.jpg,aeroplane
collection_bicycle_bicycle_+_underwater_google_0010_0.jpg,bicycle
collection_bicycle_bicycle_+_underwater_google_0010_1.jpg,bicycle
collection_bicycle_bicycle_+_underwater_google_0012_0.jpg,bicycle
collection_bicycle_bicycle_+_underwater_google_0014_0.jpg,bicycle
collection_bicycle_bicycle_+_underwater_google_0015_0.jpg,bicycle
collection_bicycle_bicycle_+_underwater_google_0016_0.jpg,bicycle
collection_bicycle_bicycle_+_underwater_google_0017_0.jpg,motorbike
collection_bicycle_bicycle_+_underwater_google_0021_0.jpg,aeroplane
collection_bicycle_bicycle_+_underwater_google_0021_1.jpg,aeroplane
collection_bicycle_bicycle_+_underwater_google_0021_2.jpg,aeroplane
collection_bicycle_bicycle_+_underwater_google_0022_0.jpg,bicycle
collection_bicycle_bicycle_+_underwater_google_0023_0.jpg,bicycle
collection_bicycle_bicycle_+_underwater_google_0025_0.jpg,bicycle
collection_bicycle_bicycle_+_underwater_google_0025_1.jpg,bicycle
collection_bicycle_bicycle_+_underwater_google_0028_0.jpg,bicycle
collection_bicycle_bicycle_+_underwater_google_0029_0.jpg,bicycle
collection_bicycle_bicycle_+_underwater_google_0034_0.jpg,bicycle
collection_bicycle_bicycle_+_underwater_google_0036_0.jpg,bicycle
collection_bicycle_bicycle_+_underwater_google_0037_0.jpg,bicycle
collection_bicycle_bicycle_+_underwater_google_0039_0.jpg,bicycle
collection_bicycle_bicycle_+_underwater_google_0040_0.jpg,bicycle
collection_bicycle_bicycle_+_underwater_google_0041_0.jpg,bicycle
collection_bicycle_bicycle_+_underwater_google_0045_0.jpg,aeroplane
collection_bicycle_bicycle_+_underwater_google_0046_0.jpg,bicycle
collection_bicycle_bicycle_+_underwater_google_0049_0.jpg,bicycle
collection_bicycle_bicycle_+_underwater_google_0050_0.jpg,bicycle
collection_bicycle_bicycle_+_underwater_google_0053_0.jpg,bicycle
collection_bicycle_bicycle_+_underwater_google_0056_0.jpg,bicycle
collection_bicycle_bicycle_+_underwater_google_0057_0.jpg,chair
collection_bicycle_bicycle_+_underwater_google_0060_0.jpg,bicycle
collection_bicycle_bicycle_+_underwater_google_0062_0.jpg,bicycle
collection_bicycle_bicycle_+_underwater_google_0063_0.jpg,bicycle
collection_bicycle_bicycle_+_underwater_google_0065_0.jpg,aeroplane
collection_bicycle_bicycle_+_underwater_google_0067_0.jpg,bicycle
collection_bicycle_bicycle_+_underwater_google_0071_0.jpg,bicycle
collection_bicycle_bicycle_+_underwater_google_0072_0.jpg,bicycle
collection_bicycle_bicycle_+_underwater_google_0073_0.jpg,bicycle
collection_bicycle_bicycle_+_underwater_google_0080_0.jpg,bicycle
collection_bicycle_bicycle_+_underwater_google_0083_0.jpg,bicycle
collection_bicycle_bicycle_+_underwater_google_0083_1.jpg,bicycle
collection_bicycle_bicycle_+_underwater_google_0083_2.jpg,bicycle
collection_bicycle_bicycle_+_underwater_google_0088_0.jpg,bicycle
collection_bicycle_bicycle_+_underwater_google_0094_0.jpg,motorbike
collection_bicycle_bicycle_+_underwater_google_0098_0.jpg,bicycle
collection_bicycle_bicycle_+_underwater_google_0100_0.jpg,bicycle
collection_bicycle_bicycle_+_underwater_google_0128_0.jpg,aeroplane
collection_bicycle_bicycle_+_underwater_google_0130_0.jpg,bicycle
collection_bicycle_bicycle_+_underwater_google_0130_1.jpg,bicycle
collection_bicycle_bicycle_+_underwater_google_0131_0.jpg,bicycle
collection_bicycle_bicycle_+_underwater_google_0136_0.jpg,bicycle
collection_bicycle_bicycle_+_underwater_google_0144_0.jpg,bicycle
collection_bicycle_bicycle_+_underwater_google_0146_0.jpg,aeroplane
collection_bicycle_bicycle_+_underwater_google_0155_0.jpg,bicycle
collection_bicycle_bicycle_+_underwater_google_0157_0.jpg,bicycle
collection_bicycle_bicycle_+_underwater_google_0166_0.jpg,bicycle
collection_bicycle_bicycle_+_underwater_google_0169_0.jpg,bicycle
collection_bicycle_bicycle_+_underwater_google_0171_0.jpg,bicycle
collection_bicycle_bicycle_+_underwater_google_0173_0.jpg,bicycle
collection_bicycle_bicycle_+_underwater_google_0184_0.jpg,bicycle
collection_bicycle_bicycle_+_underwater_google_0186_0.jpg,bicycle
collection_bicycle_bicycle_+_underwater_google_0196_0.jpg,bicycle
collection_bicycle_bicycle_+_underwater_google_0197_0.jpg,bicycle
collection_bicycle_bicycle_+_underwater_google_0199_0.jpg,bicycle
collection_bicycle_bicycle_+_underwater_google_0204_0.jpg,bicycle
collection_bicycle_bicycle_+_underwater_google_0205_0.jpg,bicycle
collection_bicycle_bicycle_+_underwater_google_0205_1.jpg,bicycle
collection_bicycle_bicycle_+_underwater_google_0206_0.jpg,bicycle
collection_bicycle_bicycle_+_underwater_google_0221_0.jpg,bicycle
collection_bicycle_bicycle_+_underwater_google_0222_0.jpg,bicycle
collection_bicycle_bicycle_+_underwater_google_0222_1.jpg,car
collection_bicycle_bicycle_+_underwater_naver_0001_0.jpg,chair
collection_boat_boat_+_indoor_google_0000_0.jpg,car
collection_boat_boat_+_indoor_google_0001_0.jpg,boat
collection_boat_boat_+_indoor_google_0002_0.jpg,boat
collection_boat_boat_+_indoor_google_0003_0.jpg,boat
collection_boat_boat_+_indoor_google_0004_0.jpg,boat
collection_boat_boat_+_indoor_google_0007_0.jpg,car
collection_boat_boat_+_indoor_google_0009_0.jpg,train
collection_boat_boat_+_indoor_google_0009_1.jpg,boat
collection_boat_boat_+_indoor_google_0009_2.jpg,aeroplane
collection_boat_boat_+_indoor_google_0009_3.jpg,boat
collection_boat_boat_+_indoor_google_0009_4.jpg,boat
collection_boat_boat_+_indoor_google_0009_5.jpg,boat
collection_boat_boat_+_indoor_google_0009_6.jpg,train
collection_boat_boat_+_indoor_google_0009_7.jpg,aeroplane
collection_boat_boat_+_indoor_google_0011_0.jpg,boat
collection_boat_boat_+_indoor_google_0012_0.jpg,boat
collection_boat_boat_+_indoor_google_0012_1.jpg,boat
collection_boat_boat_+_indoor_google_0018_0.jpg,boat
collection_boat_boat_+_indoor_google_0019_0.jpg,boat
collection_boat_boat_+_indoor_google_0019_1.jpg,boat
collection_boat_boat_+_outspace_google_0000_0.jpg,boat
collection_boat_boat_+_outspace_google_0002_0.jpg,boat
collection_boat_boat_+_outspace_google_0005_0.jpg,boat
collection_boat_boat_+_outspace_google_0006_0.jpg,diningtable
collection_boat_boat_+_outspace_google_0014_0.jpg,boat
collection_boat_boat_+_outspace_google_0016_0.jpg,boat
collection_boat_boat_+_outspace_google_0017_0.jpg,boat
collection_boat_boat_+_outspace_google_0025_0.jpg,boat
collection_boat_boat_+_outspace_google_0029_0.jpg,boat
collection_boat_boat_+_outspace_google_0033_0.jpg,boat
collection_boat_boat_+_outspace_google_0035_0.jpg,boat
collection_boat_boat_+_outspace_google_0045_0.jpg,boat
collection_boat_boat_+_outspace_google_0047_0.jpg,boat
collection_boat_boat_+_outspace_google_0056_0.jpg,boat
collection_boat_boat_+_outspace_google_0069_0.jpg,boat
collection_boat_boat_+_outspace_google_0072_0.jpg,car
collection_boat_boat_+_outspace_google_0077_0.jpg,boat
collection_boat_boat_+_outspace_google_0086_0.jpg,boat
collection_boat_boat_+_outspace_google_0089_0.jpg,chair
collection_boat_boat_+_outspace_google_0092_0.jpg,boat
collection_boat_boat_+_outspace_google_0121_0.jpg,car
collection_boat_boat_+_outspace_google_0135_0.jpg,boat
collection_boat_boat_+_outspace_google_0137_0.jpg,boat
collection_boat_boat_+_outspace_google_0159_0.jpg,boat
collection_boat_boat_+_outspace_google_0165_0.jpg,boat
collection_boat_boat_+_outspace_google_0182_0.jpg,boat
collection_boat_boat_+_outspace_google_0188_0.jpg,boat
collection_boat_boat_+_outspace_google_0199_0.jpg,aeroplane
collection_boat_boat_+_outspace_google_0205_0.jpg,boat
collection_bus_bus_+_indoor_google_0031_0.jpg,bus
collection_bus_bus_+_outspace_google_0002_0.jpg,bus
collection_bus_bus_+_outspace_google_0010_0.jpg,train
collection_bus_bus_+_outspace_google_0044_0.jpg,bus
collection_chair_chair_+_outdoor_google_0000_0.jpg,chair
collection_chair_chair_+_outdoor_google_0000_1.jpg,chair
collection_chair_chair_+_outdoor_google_0001_0.jpg,chair
collection_chair_chair_+_outdoor_google_0005_0.jpg,sofa
collection_chair_chair_+_outdoor_google_0006_0.jpg,chair
collection_chair_chair_+_outdoor_google_0006_1.jpg,chair
collection_chair_chair_+_outdoor_google_0008_0.jpg,chair
collection_chair_chair_+_outdoor_google_0010_0.jpg,chair
collection_chair_chair_+_outdoor_google_0015_0.jpg,chair
collection_chair_chair_+_outdoor_google_0017_0.jpg,sofa
collection_chair_chair_+_outer_space_google_0000_0.jpg,chair
collection_chair_chair_+_outer_space_google_0001_0.jpg,chair
collection_chair_chair_+_outer_space_google_0004_0.jpg,sofa
collection_chair_chair_+_outer_space_google_0009_0.jpg,chair
collection_chair_chair_+_outer_space_google_0014_0.jpg,chair
collection_chair_chair_+_outer_space_google_0055_0.jpg,chair
collection_chair_chair_+_outer_space_google_0062_0.jpg,boat
collection_chair_chair_+_outer_space_google_0102_0.jpg,chair
collection_chair_chair_+_outer_space_google_0231_0.jpg,car
collection_chair_chair_+_underwater_google_0000_0.jpg,chair
collection_chair_chair_+_underwater_google_0002_0.jpg,aeroplane
collection_chair_chair_+_underwater_google_0004_0.jpg,chair
collection_chair_chair_+_underwater_google_0005_0.jpg,chair
collection_chair_chair_+_underwater_google_0007_0.jpg,boat
collection_chair_chair_+_underwater_google_0008_0.jpg,chair
collection_chair_chair_+_underwater_google_0009_0.jpg,aeroplane
collection_chair_chair_+_underwater_google_0012_0.jpg,aeroplane
collection_chair_chair_+_underwater_google_0012_1.jpg,chair
collection_chair_chair_+_underwater_google_0041_0.jpg,aeroplane
collection_chair_chair_+_underwater_google_0042_0.jpg,aeroplane
collection_motorbike_motorbike_+_outspace_google_0000_0.jpg,motorbike
collection_motorbike_motorbike_+_underwater_google_0004_0.jpg,motorbike
collection_motorbike_motorbike_+_underwater_google_0006_0.jpg,bicycle
collection_motorbike_motorbike_+_underwater_google_0007_0.jpg,motorbike
collection_motorbike_motorbike_+_underwater_google_0008_0.jpg,bicycle
collection_motorbike_motorbike_+_underwater_google_0010_0.jpg,motorbike
collection_motorbike_motorbike_+_underwater_google_0011_0.jpg,aeroplane
collection_motorbike_motorbike_+_underwater_google_0012_0.jpg,bicycle
collection_motorbike_motorbike_+_underwater_google_0013_0.jpg,motorbike
collection_motorbike_motorbike_+_underwater_google_0015_0.jpg,motorbike
collection_motorbike_motorbike_+_underwater_google_0016_0.jpg,motorbike
collection_motorbike_motorbike_+_underwater_google_0017_0.jpg,aeroplane
collection_motorbike_motorbike_+_underwater_google_0019_0.jpg,motorbike
collection_motorbike_motorbike_+_underwater_google_0020_0.jpg,bicycle
collection_motorbike_motorbike_+_underwater_google_0021_0.jpg,motorbike
collection_motorbike_motorbike_+_underwater_google_0022_0.jpg,motorbike
collection_motorbike_motorbike_+_underwater_google_0023_0.jpg,motorbike
collection_motorbike_motorbike_+_underwater_google_0025_0.jpg,bicycle
collection_motorbike_motorbike_+_underwater_google_0026_0.jpg,motorbike
collection_motorbike_motorbike_+_underwater_google_0027_0.jpg,motorbike
collection_motorbike_motorbike_+_underwater_google_0028_0.jpg,motorbike
collection_motorbike_motorbike_+_underwater_google_0032_0.jpg,motorbike
collection_motorbike_motorbike_+_underwater_google_0036_0.jpg,aeroplane
collection_motorbike_motorbike_+_underwater_google_0038_0.jpg,boat
collection_motorbike_motorbike_+_underwater_google_0044_0.jpg,motorbike
collection_motorbike_motorbike_+_underwater_google_0046_0.jpg,motorbike
collection_motorbike_motorbike_+_underwater_google_0048_0.jpg,motorbike
collection_motorbike_motorbike_+_underwater_google_0048_1.jpg,motorbike
collection_motorbike_motorbike_+_underwater_google_0048_2.jpg,motorbike
collection_motorbike_motorbike_+_underwater_google_0048_3.jpg,bicycle
collection_motorbike_motorbike_+_underwater_google_0060_0.jpg,motorbike
collection_motorbike_motorbike_+_underwater_google_0069_0.jpg,motorbike
collection_motorbike_motorbike_+_underwater_google_0081_0.jpg,sofa
collection_motorbike_motorbike_+_underwater_google_0082_0.jpg,motorbike
collection_motorbike_motorbike_+_underwater_google_0086_0.jpg,bicycle
collection_motorbike_motorbike_+_underwater_google_0093_0.jpg,motorbike
collection_motorbike_motorbike_+_underwater_google_0094_0.jpg,aeroplane
collection_sofa_sofa_+_outer_space_google_0001_0.jpg,chair
collection_sofa_sofa_+_outer_space_google_0002_0.jpg,sofa
collection_sofa_sofa_+_outer_space_google_0003_0.jpg,sofa
collection_sofa_sofa_+_outer_space_google_0005_0.jpg,sofa
collection_sofa_sofa_+_outer_space_google_0006_0.jpg,sofa
collection_sofa_sofa_+_outer_space_google_0009_0.jpg,sofa
collection_sofa_sofa_+_outer_space_google_0016_0.jpg,car
collection_sofa_sofa_+_outer_space_google_0018_0.jpg,diningtable
collection_sofa_sofa_+_outer_space_google_0018_1.jpg,diningtable
collection_sofa_sofa_+_outer_space_google_0018_2.jpg,sofa
collection_sofa_sofa_+_outer_space_google_0020_0.jpg,sofa
collection_sofa_sofa_+_outer_space_google_0025_0.jpg,sofa
collection_sofa_sofa_+_outer_space_google_0032_0.jpg,sofa
collection_sofa_sofa_+_outer_space_google_0033_0.jpg,sofa
collection_sofa_sofa_+_outer_space_google_0035_0.jpg,sofa
collection_sofa_sofa_+_outer_space_google_0038_0.jpg,sofa
collection_sofa_sofa_+_outer_space_google_0040_0.jpg,sofa
collection_sofa_sofa_+_outer_space_google_0053_0.jpg,sofa
collection_sofa_sofa_+_outer_space_google_0060_0.jpg,sofa
collection_sofa_sofa_+_street_google_0000_0.jpg,sofa
collection_sofa_sofa_+_street_google_0001_0.jpg,sofa
collection_sofa_sofa_+_street_google_0002_0.jpg,sofa
collection_sofa_sofa_+_street_google_0003_0.jpg,sofa
collection_sofa_sofa_+_street_google_0005_0.jpg,sofa
collection_sofa_sofa_+_street_google_0006_0.jpg,sofa
collection_sofa_sofa_+_street_google_0007_0.jpg,sofa
collection_sofa_sofa_+_street_google_0008_0.jpg,sofa
collection_sofa_sofa_+_street_google_0010_0.jpg,sofa
collection_sofa_sofa_+_street_google_0011_0.jpg,sofa
collection_sofa_sofa_+_street_google_0012_0.jpg,sofa
collection_sofa_sofa_+_street_google_0015_0.jpg,sofa
collection_sofa_sofa_+_street_google_0017_0.jpg,sofa
collection_sofa_sofa_+_street_google_0018_0.jpg,sofa
collection_sofa_sofa_+_street_google_0019_0.jpg,sofa
collection_sofa_sofa_+_street_google_0020_0.jpg,sofa
collection_sofa_sofa_+_street_google_0023_0.jpg,sofa
collection_sofa_sofa_+_street_google_0026_0.jpg,sofa
collection_sofa_sofa_+_street_google_0029_0.jpg,sofa
collection_sofa_sofa_+_street_google_0030_0.jpg,sofa
collection_sofa_sofa_+_street_google_0031_0.jpg,sofa
collection_sofa_sofa_+_street_google_0033_0.jpg,sofa
collection_sofa_sofa_+_street_google_0035_0.jpg,sofa
collection_sofa_sofa_+_street_google_0035_1.jpg,boat
collection_sofa_sofa_+_street_google_0036_0.jpg,sofa
collection_sofa_sofa_+_street_google_0038_0.jpg,sofa
collection_sofa_sofa_+_street_google_0041_0.jpg,sofa
collection_sofa_sofa_+_street_google_0043_0.jpg,sofa
collection_sofa_sofa_+_street_google_0044_0.jpg,sofa
collection_sofa_sofa_+_street_google_0045_0.jpg,sofa
collection_sofa_sofa_+_street_google_0047_0.jpg,sofa
collection_sofa_sofa_+_street_google_0048_0.jpg,sofa
collection_sofa_sofa_+_street_google_0054_0.jpg,sofa
collection_sofa_sofa_+_street_google_0055_0.jpg,sofa
collection_sofa_sofa_+_street_google_0058_0.jpg,sofa
collection_sofa_sofa_+_street_google_0060_0.jpg,sofa
collection_sofa_sofa_+_street_google_0073_0.jpg,sofa
collection_sofa_sofa_+_street_google_0077_0.jpg,sofa
collection_sofa_sofa_+_street_google_0094_0.jpg,car
collection_sofa_sofa_+_street_google_0098_0.jpg,sofa
collection_sofa_sofa_+_street_google_0099_0.jpg,sofa
collection_sofa_sofa_+_street_google_0107_0.jpg,sofa
collection_sofa_sofa_+_street_google_0107_1.jpg,sofa
collection_sofa_sofa_+_street_google_0110_0.jpg,sofa
collection_sofa_sofa_+_street_google_0111_0.jpg,sofa
collection_sofa_sofa_+_street_google_0114_0.jpg,sofa
collection_sofa_sofa_+_street_google_0115_0.jpg,sofa
collection_sofa_sofa_+_street_google_0115_1.jpg,sofa
collection_sofa_sofa_+_street_google_0119_0.jpg,car
collection_sofa_sofa_+_street_google_0130_0.jpg,sofa
collection_sofa_sofa_+_street_google_0136_0.jpg,sofa
collection_sofa_sofa_+_street_google_0137_0.jpg,sofa
collection_sofa_sofa_+_street_google_0139_0.jpg,sofa
collection_sofa_sofa_+_street_google_0140_0.jpg,sofa
collection_sofa_sofa_+_street_google_0143_0.jpg,sofa
collection_sofa_sofa_+_street_google_0145_0.jpg,sofa
collection_sofa_sofa_+_street_google_0145_1.jpg,sofa
collection_sofa_sofa_+_street_google_0145_2.jpg,sofa
collection_sofa_sofa_+_street_google_0162_0.jpg,sofa
collection_sofa_sofa_+_street_google_0165_0.jpg,sofa
collection_sofa_sofa_+_street_google_0177_0.jpg,sofa
collection_sofa_sofa_+_street_google_0180_0.jpg,sofa
collection_sofa_sofa_+_street_google_0184_0.jpg,sofa
collection_sofa_sofa_+_street_google_0185_0.jpg,sofa
collection_sofa_sofa_+_street_google_0185_1.jpg,sofa
collection_sofa_sofa_+_street_google_0187_0.jpg,sofa
collection_sofa_sofa_+_street_google_0189_0.jpg,sofa
collection_sofa_sofa_+_street_google_0201_0.jpg,sofa
collection_sofa_sofa_+_street_google_0209_0.jpg,sofa
collection_sofa_sofa_+_street_google_0211_0.jpg,sofa
collection_sofa_sofa_+_street_google_0212_0.jpg,sofa
collection_sofa_sofa_+_street_google_0218_0.jpg,sofa
collection_sofa_sofa_+_street_naver_0034_0.jpg,sofa
collection_sofa_sofa_+_underwater_google_0000_0.jpg,sofa
collection_sofa_sofa_+_underwater_google_0001_0.jpg,sofa
collection_sofa_sofa_+_underwater_google_0002_0.jpg,car
collection_sofa_sofa_+_underwater_google_0003_0.jpg,sofa
collection_sofa_sofa_+_underwater_google_0005_0.jpg,chair
collection_sofa_sofa_+_underwater_google_0007_0.jpg,sofa
collection_sofa_sofa_+_underwater_google_0008_0.jpg,sofa
collection_sofa_sofa_+_underwater_google_0009_0.jpg,sofa
collection_sofa_sofa_+_underwater_google_0010_0.jpg,sofa
collection_sofa_sofa_+_underwater_google_0015_0.jpg,sofa
collection_sofa_sofa_+_underwater_google_0016_0.jpg,sofa
collection_sofa_sofa_+_underwater_google_0019_0.jpg,sofa
collection_sofa_sofa_+_underwater_google_0037_0.jpg,sofa
collection_sofa_sofa_+_underwater_google_0048_0.jpg,sofa
collection_sofa_sofa_+_underwater_google_0052_0.jpg,sofa
collection_sofa_sofa_+_underwater_google_0055_0.jpg,sofa
collection_sofa_sofa_+_underwater_google_0056_0.jpg,sofa
collection_sofa_sofa_+_underwater_google_0063_0.jpg,sofa
collection_sofa_sofa_+_underwater_google_0065_0.jpg,sofa
collection_sofa_sofa_+_underwater_google_0065_1.jpg,sofa
collection_sofa_sofa_+_underwater_google_0068_0.jpg,sofa
collection_sofa_sofa_+_underwater_google_0073_0.jpg,sofa
collection_sofa_sofa_+_underwater_google_0074_0.jpg,sofa
collection_sofa_sofa_+_underwater_google_0078_0.jpg,sofa
collection_sofa_sofa_+_underwater_google_0080_0.jpg,sofa
collection_sofa_sofa_+_underwater_google_0083_0.jpg,sofa
collection_sofa_sofa_+_underwater_google_0084_0.jpg,sofa
collection_sofa_sofa_+_underwater_google_0085_0.jpg,sofa
collection_sofa_sofa_+_underwater_google_0094_0.jpg,sofa
collection_sofa_sofa_+_underwater_google_0098_0.jpg,sofa
collection_sofa_sofa_+_underwater_google_0106_0.jpg,sofa
collection_sofa_sofa_+_underwater_google_0109_0.jpg,sofa
collection_train_train_+_indoor_google_0008_0.jpg,train
collection_train_train_+_indoor_google_0011_0.jpg,bus
collection_train_train_+_indoor_google_0012_0.jpg,car
collection_train_train_+_indoor_google_0028_0.jpg,train
collection_train_train_+_indoor_google_0029_0.jpg,train
collection_train_train_+_indoor_google_0030_0.jpg,train
collection_train_train_+_indoor_google_0045_0.jpg,train
collection_train_train_+_indoor_google_0046_0.jpg,train
collection_train_train_+_indoor_google_0047_0.jpg,train
collection_train_train_+_indoor_google_0049_0.jpg,train
collection_train_train_+_indoor_google_0055_0.jpg,train
collection_train_train_+_indoor_google_0061_0.jpg,train
collection_train_train_+_indoor_google_0063_0.jpg,bus
collection_train_train_+_indoor_google_0064_0.jpg,bus
collection_train_train_+_indoor_google_0070_0.jpg,motorbike
collection_train_train_+_indoor_google_0076_0.jpg,train
collection_train_train_+_indoor_google_0081_0.jpg,bus
collection_train_train_+_indoor_google_0086_0.jpg,sofa
collection_train_train_+_indoor_google_0089_0.jpg,bus
collection_train_train_+_indoor_google_0091_0.jpg,train
collection_train_train_+_indoor_google_0094_0.jpg,bus
collection_train_train_+_indoor_google_0102_0.jpg,motorbike
collection_train_train_+_indoor_google_0103_0.jpg,train
collection_train_train_+_indoor_google_0105_0.jpg,train
collection_train_train_+_indoor_google_0112_0.jpg,train
collection_train_train_+_indoor_google_0114_0.jpg,train
collection_train_train_+_indoor_google_0122_0.jpg,motorbike
collection_train_train_+_indoor_google_0128_0.jpg,bus
collection_train_train_+_indoor_google_0129_0.jpg,bus
collection_train_train_+_indoor_google_0131_0.jpg,car
collection_train_train_+_indoor_google_0132_0.jpg,train
collection_train_train_+_outspace_google_0000_0.jpg,train
collection_train_train_+_outspace_google_0003_0.jpg,car
collection_train_train_+_outspace_google_0005_0.jpg,train
collection_train_train_+_outspace_google_0010_0.jpg,train
collection_train_train_+_outspace_google_0018_0.jpg,train
collection_train_train_+_outspace_google_0024_0.jpg,train
collection_train_train_+_outspace_google_0197_0.jpg,bus
collection_train_train_+_underwater_google_0000_0.jpg,train
collection_train_train_+_underwater_google_0001_0.jpg,train
collection_train_train_+_underwater_google_0003_0.jpg,train
collection_train_train_+_underwater_google_0006_0.jpg,train
collection_train_train_+_underwater_google_0007_0.jpg,train
collection_train_train_+_underwater_google_0009_0.jpg,train
collection_train_train_+_underwater_google_0013_0.jpg,train
collection_train_train_+_underwater_google_0014_0.jpg,train
collection_train_train_+_underwater_google_0018_0.jpg,train
collection_train_train_+_underwater_google_0019_0.jpg,train
collection_train_train_+_underwater_google_0035_0.jpg,train
collection_train_train_+_underwater_google_0038_0.jpg,car
collection_train_train_+_underwater_google_0039_0.jpg,train
collection_train_train_+_underwater_google_0053_0.jpg,train
collection_train_train_+_underwater_google_0053_1.jpg,train
collection_train_train_+_underwater_google_0064_0.jpg,train
collection_train_train_+_underwater_google_0076_0.jpg,train
collection_train_train_+_underwater_google_0078_0.jpg,aeroplane
collection_train_train_+_underwater_google_0082_0.jpg,train
collection_train_train_+_underwater_google_0094_0.jpg,train
collection_train_train_+_underwater_google_0114_0.jpg,train
collection_train_train_+_underwater_google_0119_0.jpg,train
collection_train_train_+_underwater_google_0134_0.jpg,train
collection_train_train_+_underwater_google_0136_0.jpg,train
collection_train_train_+_underwater_google_0143_0.jpg,train
collection_train_train_+_underwater_google_0156_0.jpg,train
collection_train_train_+_underwater_google_0164_0.jpg,train
collection_train_train_+_underwater_google_0165_0.jpg,train
collection_train_train_+_underwater_google_0197_0.jpg,train
collection_train_train_+_underwater_google_0210_0.jpg,train
collection_train_train_+_underwater_google_0213_0.jpg,train
collection_train_train_+_underwater_google_0214_0.jpg,train
collection_train_train_+_underwater_google_0220_0.jpg,train
