imgs,pred
pascal_aeroplane_2008_001719_0.jpg,aeroplane
pascal_aeroplane_2008_002698_0.jpg,aeroplane
pascal_aeroplane_2008_003041_0.jpg,aeroplane
pascal_aeroplane_2008_003196_0.jpg,aeroplane
pascal_aeroplane_2008_003575_0.jpg,aeroplane
pascal_aeroplane_2008_003688_0.jpg,aeroplane
pascal_aeroplane_2008_004165_0.jpg,aeroplane
pascal_aeroplane_2008_004239_0.jpg,aeroplane
pascal_aeroplane_2008_004739_0.jpg,aeroplane
pascal_aeroplane_2008_005036_0.jpg,aeroplane
pascal_aeroplane_2008_005250_0.jpg,aeroplane
pascal_aeroplane_2008_005310_0.jpg,aeroplane
pascal_aeroplane_2008_005362_0.jpg,aeroplane
pascal_aeroplane_2008_005719_0.jpg,aeroplane
pascal_aeroplane_2008_005834_0.jpg,aeroplane
pascal_aeroplane_2008_005905_0.jpg,aeroplane
pascal_aeroplane_2008_006265_0.jpg,aeroplane
pascal_aeroplane_2008_006353_0.jpg,aeroplane
pascal_aeroplane_2008_006401_0.jpg,aeroplane
pascal_aeroplane_2008_006540_0.jpg,aeroplane
pascal_aeroplane_2008_006564_0.jpg,aeroplane
pascal_aeroplane_2008_006637_0.jpg,aeroplane
pascal_aeroplane_2008_006832_0.jpg,aeroplane
pascal_aeroplane_2008_006832_1.jpg,aeroplane
pascal_aeroplane_2008_007145_0.jpg,aeroplane
pascal_aeroplane_2008_007161_0.jpg,aeroplane
pascal_aeroplane_2008_008150_0.jpg,aeroplane
pascal_aeroplane_2008_008150_1.jpg,aeroplane
pascal_aeroplane_2008_008180_0.jpg,aeroplane
pascal_aeroplane_2008_008180_1.jpg,aeroplane
pascal_aeroplane_2008_008247_0.jpg,boat
pascal_aeroplane_2008_008247_1.jpg,boat
pascal_aeroplane_2008_008411_0.jpg,aeroplane
pascal_aeroplane_2008_008464_0.jpg,aeroplane
pascal_aeroplane_2008_008471_0.jpg,aeroplane
pascal_aeroplane_2008_008496_0.jpg,aeroplane
pascal_aeroplane_2008_008507_0.jpg,aeroplane
pascal_aeroplane_2009_000500_0.jpg,aeroplane
pascal_aeroplane_2009_000560_0.jpg,aeroplane
pascal_aeroplane_2009_000662_0.jpg,boat
pascal_aeroplane_2009_001027_0.jpg,aeroplane
pascal_aeroplane_2009_001517_0.jpg,aeroplane
pascal_aeroplane_2009_001781_0.jpg,aeroplane
pascal_aeroplane_2009_001884_0.jpg,aeroplane
pascal_aeroplane_2009_001927_0.jpg,aeroplane
pascal_aeroplane_2009_002018_0.jpg,aeroplane
pascal_aeroplane_2009_002258_0.jpg,aeroplane
pascal_aeroplane_2009_002599_0.jpg,aeroplane
pascal_aeroplane_2009_002625_0.jpg,aeroplane
pascal_aeroplane_2009_003107_0.jpg,aeroplane
pascal_aeroplane_2009_003309_0.jpg,aeroplane
pascal_aeroplane_2009_003396_0.jpg,aeroplane
pascal_aeroplane_2009_003488_0.jpg,aeroplane
pascal_aeroplane_2009_003524_0.jpg,aeroplane
pascal_aeroplane_2009_003608_0.jpg,aeroplane
pascal_aeroplane_2009_003896_0.jpg,train
pascal_aeroplane_2009_004308_0.jpg,aeroplane
pascal_aeroplane_2009_004620_0.jpg,aeroplane
pascal_aeroplane_2009_004846_0.jpg,aeroplane
pascal_aeroplane_2009_004980_0.jpg,aeroplane
pascal_aeroplane_2009_005142_0.jpg,aeroplane
pascal_aeroplane_2010_000091_0.jpg,aeroplane
pascal_aeroplane_2010_000392_0.jpg,aeroplane
pascal_aeroplane_2010_000715_0.jpg,aeroplane
pascal_aeroplane_2010_000986_0.jpg,aeroplane
pascal_aeroplane_2010_002429_0.jpg,aeroplane
pascal_aeroplane_2010_002577_0.jpg,aeroplane
pascal_aeroplane_2010_002947_0.jpg,aeroplane
pascal_aeroplane_2010_003737_0.jpg,aeroplane
pascal_aeroplane_2010_004242_0.jpg,aeroplane
pascal_aeroplane_2010_005106_0.jpg,aeroplane
pascal_aeroplane_2010_005213_0.jpg,aeroplane
pascal_aeroplane_2010_005978_0.jpg,aeroplane
pascal_aeroplane_2011_000116_0.jpg,aeroplane
pascal_aeroplane_2011_000329_0.jpg,aeroplane
pascal_aeroplane_2011_000586_0.jpg,aeroplane
pascal_aeroplane_2011_000586_1.jpg,train
pascal_aeroplane_2011_001188_0.jpg,aeroplane
pascal_aeroplane_2011_001514_0.jpg,aeroplane
pascal_aeroplane_2011_001789_0.jpg,aeroplane
pascal_aeroplane_2011_003154_0.jpg,aeroplane
pascal_bicycle_2008_000191_3.jpg,bicycle
pascal_bicycle_2008_001375_0.jpg,bicycle
pascal_bicycle_2008_002418_1.jpg,bicycle
pascal_bicycle_2008_002894_0.jpg,bicycle
pascal_bicycle_2008_003682_0.jpg,bicycle
pascal_bicycle_2008_003682_1.jpg,bicycle
pascal_bicycle_2008_003682_2.jpg,bicycle
pascal_bicycle_2008_006234_0.jpg,bicycle
pascal_bicycle_2008_006253_0.jpg,bicycle
pascal_bicycle_2008_007410_0.jpg,bicycle
pascal_bicycle_2008_007510_3.jpg,bicycle
pascal_bicycle_2008_007510_4.jpg,bicycle
pascal_bicycle_2008_007510_5.jpg,bicycle
pascal_bicycle_2008_008021_0.jpg,bicycle
pascal_bicycle_2008_008080_0.jpg,bicycle
pascal_bicycle_2008_008092_0.jpg,bicycle
pascal_bicycle_2008_008112_0.jpg,bicycle
pascal_bicycle_2008_008325_0.jpg,bicycle
pascal_bicycle_2008_008325_1.jpg,bicycle
pascal_bicycle_2008_008671_0.jpg,bicycle
pascal_bicycle_2008_008706_1.jpg,train
pascal_bicycle_2009_000197_1.jpg,bicycle
pascal_bicycle_2009_000197_2.jpg,bicycle
pascal_bicycle_2009_000344_0.jpg,bicycle
pascal_bicycle_2009_000805_0.jpg,bicycle
pascal_bicycle_2009_000975_0.jpg,bicycle
pascal_bicycle_2009_000975_1.jpg,motorbike
pascal_bicycle_2009_001481_0.jpg,bicycle
pascal_bicycle_2009_001642_0.jpg,bicycle
pascal_bicycle_2009_001642_2.jpg,bicycle
pascal_bicycle_2009_001704_1.jpg,bicycle
pascal_bicycle_2009_001840_0.jpg,bicycle
pascal_bicycle_2009_001926_0.jpg,bicycle
pascal_bicycle_2009_002338_8.jpg,bicycle
pascal_bicycle_2009_002338_9.jpg,bicycle
pascal_bicycle_2009_002406_0.jpg,bicycle
pascal_bicycle_2009_002835_0.jpg,bicycle
pascal_bicycle_2009_003519_0.jpg,bicycle
pascal_bicycle_2009_004121_0.jpg,bicycle
pascal_bicycle_2009_004642_0.jpg,bicycle
pascal_bicycle_2009_004972_0.jpg,bicycle
pascal_bicycle_2009_005144_0.jpg,bicycle
pascal_bicycle_2009_005154_0.jpg,bicycle
pascal_bicycle_2009_005265_0.jpg,bicycle
pascal_bicycle_2010_000209_0.jpg,bicycle
pascal_bicycle_2010_000557_0.jpg,bicycle
pascal_bicycle_2010_001592_0.jpg,bicycle
pascal_bicycle_2010_002180_0.jpg,bicycle
pascal_bicycle_2010_002475_0.jpg,bicycle
pascal_bicycle_2010_002708_0.jpg,bicycle
pascal_bicycle_2010_003062_0.jpg,bicycle
pascal_bicycle_2010_003906_0.jpg,bicycle
pascal_bicycle_2010_003906_1.jpg,bicycle
pascal_bicycle_2010_004154_0.jpg,bicycle
pascal_bicycle_2010_004154_1.jpg,bicycle
pascal_bicycle_2010_004609_0.jpg,bicycle
pascal_bicycle_2010_005840_1.jpg,bicycle
pascal_bicycle_2010_005840_2.jpg,bicycle
pascal_bicycle_2011_000791_0.jpg,bicycle
pascal_bicycle_2011_001643_0.jpg,bicycle
pascal_bicycle_2011_002049_0.jpg,bicycle
pascal_bicycle_2011_002049_1.jpg,bicycle
pascal_bicycle_2011_002135_0.jpg,bicycle
pascal_bicycle_2011_002135_6.jpg,motorbike
pascal_bicycle_2011_002281_0.jpg,bicycle
pascal_bicycle_2011_002656_1.jpg,bicycle
pascal_bicycle_2011_002656_2.jpg,bicycle
pascal_boat_2008_002335_0.jpg,boat
pascal_boat_2008_002850_0.jpg,boat
pascal_boat_2008_004291_0.jpg,boat
pascal_boat_2008_004983_0.jpg,boat
pascal_boat_2008_005541_0.jpg,aeroplane
pascal_boat_2008_006349_0.jpg,aeroplane
pascal_boat_2008_007912_0.jpg,boat
pascal_boat_2008_007938_0.jpg,aeroplane
pascal_boat_2008_008616_0.jpg,boat
pascal_boat_2009_000420_0.jpg,boat
pascal_boat_2009_000996_0.jpg,boat
pascal_boat_2009_000996_1.jpg,boat
pascal_boat_2009_002530_0.jpg,boat
pascal_boat_2009_003032_0.jpg,boat
pascal_boat_2010_005928_0.jpg,boat
pascal_bus_2008_002229_0.jpg,car
pascal_bus_2008_003266_0.jpg,bus
pascal_bus_2008_004725_0.jpg,bus
pascal_bus_2008_004844_0.jpg,bus
pascal_bus_2008_005168_0.jpg,bus
pascal_bus_2008_007641_0.jpg,car
pascal_bus_2008_008080_1.jpg,train
pascal_bus_2008_008706_0.jpg,train
pascal_bus_2008_008719_0.jpg,bus
pascal_bus_2009_000408_0.jpg,bus
pascal_bus_2009_000532_0.jpg,bus
pascal_bus_2009_000945_0.jpg,bus
pascal_bus_2009_001590_0.jpg,bus
pascal_bus_2009_001674_0.jpg,bus
pascal_bus_2009_001734_0.jpg,bus
pascal_bus_2009_001910_0.jpg,bus
pascal_bus_2009_002052_0.jpg,bus
pascal_bus_2009_002626_0.jpg,bus
pascal_bus_2009_003053_0.jpg,bus
pascal_bus_2009_003385_0.jpg,bus
pascal_bus_2009_003461_0.jpg,bus
pascal_bus_2009_004187_0.jpg,bus
pascal_bus_2009_004187_1.jpg,bus
pascal_bus_2009_004231_0.jpg,bus
pascal_bus_2009_004290_0.jpg,bus
pascal_bus_2009_004369_0.jpg,bus
pascal_bus_2009_004383_0.jpg,bus
pascal_bus_2009_004871_0.jpg,bus
pascal_bus_2010_000165_0.jpg,bus
pascal_bus_2010_001288_0.jpg,bus
pascal_bus_2010_002263_0.jpg,bus
pascal_bus_2010_004180_0.jpg,bus
pascal_bus_2010_004696_0.jpg,sofa
pascal_bus_2010_005389_0.jpg,car
pascal_bus_2011_000025_0.jpg,car
pascal_bus_2011_000025_1.jpg,bus
pascal_bus_2011_000551_0.jpg,bus
pascal_bus_2011_000551_1.jpg,bus
pascal_bus_2011_000804_0.jpg,bus
pascal_bus_2011_001479_0.jpg,bus
pascal_bus_2011_002227_0.jpg,bus
pascal_bus_2011_002780_0.jpg,bus
pascal_bus_2011_003109_0.jpg,bus
pascal_car_2008_000193_0.jpg,car
pascal_car_2008_001375_2.jpg,car
pascal_car_2008_002834_0.jpg,car
pascal_car_2008_003854_1.jpg,car
pascal_car_2008_004112_0.jpg,car
pascal_car_2008_004783_1.jpg,car
pascal_car_2008_005822_0.jpg,car
pascal_car_2008_005822_1.jpg,car
pascal_car_2008_006272_0.jpg,car
pascal_car_2008_006638_0.jpg,car
pascal_car_2008_006638_1.jpg,motorbike
pascal_car_2008_006638_3.jpg,car
pascal_car_2008_006649_0.jpg,car
pascal_car_2008_008262_9.jpg,car
pascal_car_2009_000906_0.jpg,car
pascal_car_2009_001861_0.jpg,car
pascal_car_2009_002010_0.jpg,car
pascal_car_2009_002299_0.jpg,car
pascal_car_2009_002784_3.jpg,car
pascal_car_2009_004096_0.jpg,car
pascal_car_2009_004096_1.jpg,car
pascal_car_2009_004187_2.jpg,car
pascal_car_2009_004370_0.jpg,car
pascal_car_2009_004572_0.jpg,car
pascal_car_2009_005085_0.jpg,car
pascal_car_2009_005154_1.jpg,car
pascal_car_2010_000394_0.jpg,car
pascal_car_2010_000664_0.jpg,car
pascal_car_2010_001044_0.jpg,car
pascal_car_2010_001185_1.jpg,car
pascal_car_2010_002507_1.jpg,car
pascal_car_2010_003400_0.jpg,car
pascal_car_2010_003612_0.jpg,car
pascal_car_2010_003931_0.jpg,car
pascal_car_2010_004005_0.jpg,car
pascal_car_2010_004005_1.jpg,car
pascal_car_2010_004059_0.jpg,car
pascal_car_2010_004459_0.jpg,car
pascal_car_2010_004569_0.jpg,car
pascal_car_2010_004577_0.jpg,car
pascal_car_2010_004577_1.jpg,car
pascal_car_2010_004577_7.jpg,car
pascal_car_2010_004943_0.jpg,car
pascal_car_2010_005546_0.jpg,car
pascal_car_2010_005750_0.jpg,car
pascal_car_2010_005750_1.jpg,car
pascal_car_2010_005891_0.jpg,car
pascal_car_2011_000560_0.jpg,motorbike
pascal_car_2011_000560_1.jpg,car
pascal_car_2011_001004_0.jpg,car
pascal_car_2011_002096_0.jpg,car
pascal_car_2011_002096_1.jpg,car
pascal_car_2011_002097_2.jpg,car
pascal_car_2011_002410_0.jpg,car
pascal_car_2011_003109_4.jpg,car
pascal_chair_2008_000070_1.jpg,chair
pascal_chair_2008_000070_2.jpg,diningtable
pascal_chair_2008_000432_1.jpg,chair
pascal_chair_2008_000790_5.jpg,chair
pascal_chair_2008_000790_6.jpg,chair
pascal_chair_2008_000870_1.jpg,sofa
pascal_chair_2008_001083_5.jpg,diningtable
pascal_chair_2008_001083_6.jpg,chair
pascal_chair_2008_001083_7.jpg,bicycle
pascal_chair_2008_002148_0.jpg,sofa
pascal_chair_2008_002175_1.jpg,diningtable
pascal_chair_2008_002175_2.jpg,diningtable
pascal_chair_2008_002288_0.jpg,sofa
pascal_chair_2008_002601_3.jpg,chair
pascal_chair_2008_002676_2.jpg,chair
pascal_chair_2008_002758_0.jpg,boat
pascal_chair_2008_003168_0.jpg,sofa
pascal_chair_2008_003252_0.jpg,sofa
pascal_chair_2008_003501_1.jpg,sofa
pascal_chair_2008_003559_2.jpg,sofa
pascal_chair_2008_003774_1.jpg,diningtable
pascal_chair_2008_003774_2.jpg,diningtable
pascal_chair_2008_004776_0.jpg,chair
pascal_chair_2008_004776_1.jpg,chair
pascal_chair_2008_004985_0.jpg,sofa
pascal_chair_2008_004985_1.jpg,chair
pascal_chair_2008_005456_0.jpg,chair
pascal_chair_2008_005937_1.jpg,chair
pascal_chair_2008_005937_2.jpg,chair
pascal_chair_2008_006076_0.jpg,sofa
pascal_chair_2008_006350_0.jpg,boat
pascal_chair_2008_006470_0.jpg,sofa
pascal_chair_2008_006962_2.jpg,chair
pascal_chair_2008_007061_0.jpg,sofa
pascal_chair_2008_007223_1.jpg,chair
pascal_chair_2008_007291_1.jpg,chair
pascal_chair_2008_007291_2.jpg,diningtable
pascal_chair_2008_007298_0.jpg,chair
pascal_chair_2008_007941_1.jpg,diningtable
pascal_chair_2008_007941_2.jpg,chair
pascal_chair_2008_008589_0.jpg,diningtable
pascal_chair_2009_000059_1.jpg,sofa
pascal_chair_2009_000567_0.jpg,chair
pascal_chair_2009_000794_0.jpg,chair
pascal_chair_2009_001806_0.jpg,sofa
pascal_chair_2009_001874_0.jpg,sofa
pascal_chair_2009_001875_2.jpg,chair
pascal_chair_2009_001922_2.jpg,chair
pascal_chair_2009_002842_0.jpg,chair
pascal_chair_2009_003352_0.jpg,diningtable
pascal_chair_2009_003352_1.jpg,chair
pascal_chair_2009_003352_2.jpg,chair
pascal_chair_2009_003352_3.jpg,chair
pascal_chair_2009_003352_4.jpg,chair
pascal_chair_2009_004002_0.jpg,diningtable
pascal_chair_2009_004002_1.jpg,diningtable
pascal_chair_2009_004002_2.jpg,diningtable
pascal_chair_2009_004002_3.jpg,diningtable
pascal_chair_2009_004025_0.jpg,sofa
pascal_chair_2009_004025_1.jpg,sofa
pascal_chair_2009_005183_7.jpg,chair
pascal_chair_2009_005183_8.jpg,car
pascal_chair_2010_000447_0.jpg,chair
pascal_chair_2010_000511_0.jpg,sofa
pascal_chair_2010_000800_1.jpg,chair
pascal_chair_2010_000827_1.jpg,sofa
pascal_chair_2010_001012_1.jpg,sofa
pascal_chair_2010_001012_2.jpg,chair
pascal_chair_2010_001094_2.jpg,chair
pascal_chair_2010_001511_0.jpg,diningtable
pascal_chair_2010_001511_1.jpg,diningtable
pascal_chair_2010_001511_3.jpg,chair
pascal_chair_2010_002121_0.jpg,sofa
pascal_chair_2010_002642_1.jpg,sofa
pascal_chair_2010_003535_2.jpg,sofa
pascal_chair_2010_003634_0.jpg,chair
pascal_chair_2010_004002_3.jpg,chair
pascal_chair_2010_004002_4.jpg,chair
pascal_chair_2010_004029_0.jpg,chair
pascal_chair_2010_004363_1.jpg,chair
pascal_chair_2010_004573_0.jpg,chair
pascal_chair_2010_004577_4.jpg,bicycle
pascal_chair_2010_004712_1.jpg,chair
pascal_chair_2010_005094_0.jpg,chair
pascal_chair_2010_005094_1.jpg,chair
pascal_chair_2010_005308_0.jpg,chair
pascal_chair_2010_005308_1.jpg,chair
pascal_chair_2010_005308_2.jpg,chair
pascal_chair_2010_005308_3.jpg,chair
pascal_chair_2010_005775_1.jpg,boat
pascal_chair_2010_005921_0.jpg,chair
pascal_chair_2010_005967_0.jpg,chair
pascal_chair_2010_005982_1.jpg,sofa
pascal_chair_2011_000152_0.jpg,chair
pascal_chair_2011_000152_1.jpg,chair
pascal_chair_2011_000815_0.jpg,chair
pascal_chair_2011_001023_0.jpg,chair
pascal_chair_2011_001023_1.jpg,chair
pascal_chair_2011_001023_3.jpg,chair
pascal_chair_2011_001586_0.jpg,chair
pascal_chair_2011_001650_0.jpg,chair
pascal_chair_2011_002650_0.jpg,chair
pascal_chair_2011_002650_1.jpg,diningtable
pascal_chair_2011_002842_4.jpg,chair
pascal_chair_2011_003150_0.jpg,sofa
pascal_diningtable_2008_001083_9.jpg,diningtable
pascal_diningtable_2008_003774_0.jpg,diningtable
pascal_diningtable_2008_004380_4.jpg,diningtable
pascal_diningtable_2008_004776_2.jpg,diningtable
pascal_diningtable_2008_007291_0.jpg,diningtable
pascal_diningtable_2009_001922_0.jpg,diningtable
pascal_diningtable_2010_001511_4.jpg,diningtable
pascal_diningtable_2010_004660_0.jpg,diningtable
pascal_diningtable_2010_004937_3.jpg,chair
pascal_diningtable_2010_005094_2.jpg,chair
pascal_diningtable_2011_000815_1.jpg,diningtable
pascal_diningtable_2011_001526_2.jpg,diningtable
pascal_diningtable_2011_002142_0.jpg,diningtable
pascal_diningtable_2011_002147_1.jpg,diningtable
pascal_diningtable_2011_002650_3.jpg,diningtable
pascal_diningtable_2011_002940_2.jpg,diningtable
pascal_motorbike_2008_001203_0.jpg,motorbike
pascal_motorbike_2008_002772_0.jpg,motorbike
pascal_motorbike_2008_004668_3.jpg,motorbike
pascal_motorbike_2008_004970_0.jpg,motorbike
pascal_motorbike_2008_005297_0.jpg,motorbike
pascal_motorbike_2008_005603_0.jpg,motorbike
pascal_motorbike_2008_006345_0.jpg,motorbike
pascal_motorbike_2008_006889_0.jpg,bicycle
pascal_motorbike_2008_006898_1.jpg,motorbike
pascal_motorbike_2008_007054_0.jpg,motorbike
pascal_motorbike_2008_007428_0.jpg,motorbike
pascal_motorbike_2008_007646_0.jpg,motorbike
pascal_motorbike_2008_008058_0.jpg,motorbike
pascal_motorbike_2008_008324_0.jpg,motorbike
pascal_motorbike_2009_001135_0.jpg,motorbike
pascal_motorbike_2009_001638_0.jpg,motorbike
pascal_motorbike_2009_002077_0.jpg,motorbike
pascal_motorbike_2009_002784_0.jpg,motorbike
pascal_motorbike_2009_003873_1.jpg,motorbike
pascal_motorbike_2010_000678_0.jpg,motorbike
pascal_motorbike_2010_002452_0.jpg,motorbike
pascal_motorbike_2011_000560_2.jpg,motorbike
pascal_motorbike_2011_001123_0.jpg,motorbike
pascal_motorbike_2011_001498_0.jpg,motorbike
pascal_motorbike_2011_002062_0.jpg,motorbike
pascal_motorbike_2011_002097_0.jpg,motorbike
pascal_motorbike_2011_002413_0.jpg,motorbike
pascal_sofa_2008_000128_0.jpg,sofa
pascal_sofa_2008_004938_0.jpg,sofa
pascal_sofa_2008_007043_0.jpg,sofa
pascal_sofa_2008_007218_0.jpg,sofa
pascal_sofa_2008_007837_0.jpg,sofa
pascal_sofa_2008_008276_0.jpg,sofa
pascal_sofa_2009_000505_4.jpg,sofa
pascal_sofa_2009_001268_0.jpg,sofa
pascal_sofa_2009_001746_0.jpg,sofa
pascal_sofa_2009_003087_0.jpg,sofa
pascal_sofa_2011_001739_0.jpg,sofa
pascal_sofa_2011_002291_0.jpg,sofa
pascal_train_2008_001105_0.jpg,train
pascal_train_2008_001866_2.jpg,train
pascal_train_2008_002279_0.jpg,train
pascal_train_2008_003068_0.jpg,train
pascal_train_2008_003083_0.jpg,train
pascal_train_2008_004547_0.jpg,train
pascal_train_2008_004946_0.jpg,train
pascal_train_2008_004946_1.jpg,train
pascal_train_2008_005968_0.jpg,train
pascal_train_2008_007201_0.jpg,train
pascal_train_2008_007779_0.jpg,train
pascal_train_2008_007829_0.jpg,train
pascal_train_2008_008020_0.jpg,train
pascal_train_2008_008275_0.jpg,train
pascal_train_2008_008382_1.jpg,train
pascal_train_2008_008735_0.jpg,train
pascal_train_2008_008749_0.jpg,train
pascal_train_2008_008770_0.jpg,train
pascal_train_2009_000443_0.jpg,train
pascal_train_2009_000443_1.jpg,train
pascal_train_2009_000443_2.jpg,train
pascal_train_2009_000476_0.jpg,train
pascal_train_2009_000920_0.jpg,train
pascal_train_2009_000920_1.jpg,train
pascal_train_2009_001802_0.jpg,train
pascal_train_2009_001868_0.jpg,train
pascal_train_2009_002225_0.jpg,train
pascal_train_2009_002281_0.jpg,train
pascal_train_2009_002689_0.jpg,train
pascal_train_2009_002867_0.jpg,train
pascal_train_2009_003407_0.jpg,train
pascal_train_2009_003436_0.jpg,train
pascal_train_2009_003942_0.jpg,train
pascal_train_2009_004109_0.jpg,train
pascal_train_2009_004406_0.jpg,train
pascal_train_2009_004804_0.jpg,train
pascal_train_2010_001250_0.jpg,train
pascal_train_2010_001374_0.jpg,train
pascal_train_2010_001801_0.jpg,train
pascal_train_2010_002556_0.jpg,train
pascal_train_2010_002838_0.jpg,train
pascal_train_2010_002838_1.jpg,train
pascal_train_2010_002851_0.jpg,train
pascal_train_2010_004826_0.jpg,train
pascal_train_2010_005309_0.jpg,train
pascal_train_2011_000197_0.jpg,train
pascal_train_2011_000442_0.jpg,train
pascal_train_2011_000819_0.jpg,train
pascal_train_2011_001671_0.jpg,train
pascal_train_2011_001796_0.jpg,train
pascal_train_2011_002053_0.jpg,car
pascal_train_2011_002636_0.jpg,train
pascal_aeroplane_2008_001468_0.jpg,aeroplane
pascal_aeroplane_2008_002151_0.jpg,aeroplane
pascal_aeroplane_2008_002454_0.jpg,aeroplane
pascal_aeroplane_2008_003743_0.jpg,aeroplane
pascal_aeroplane_2008_004935_0.jpg,aeroplane
pascal_aeroplane_2008_004935_1.jpg,aeroplane
pascal_aeroplane_2008_004935_2.jpg,aeroplane
pascal_aeroplane_2008_005631_0.jpg,aeroplane
pascal_aeroplane_2008_006269_0.jpg,aeroplane
pascal_aeroplane_2008_006269_1.jpg,aeroplane
pascal_aeroplane_2008_006269_2.jpg,aeroplane
pascal_aeroplane_2008_006394_0.jpg,aeroplane
pascal_aeroplane_2008_006394_1.jpg,aeroplane
pascal_aeroplane_2008_006394_2.jpg,aeroplane
pascal_aeroplane_2008_006548_0.jpg,aeroplane
pascal_aeroplane_2008_006703_0.jpg,aeroplane
pascal_aeroplane_2008_007229_0.jpg,aeroplane
pascal_aeroplane_2008_007229_1.jpg,aeroplane
pascal_aeroplane_2008_007579_0.jpg,aeroplane
pascal_aeroplane_2008_008044_0.jpg,aeroplane
pascal_aeroplane_2008_008053_0.jpg,aeroplane
pascal_aeroplane_2008_008053_1.jpg,aeroplane
pascal_aeroplane_2008_008053_2.jpg,aeroplane
pascal_aeroplane_2008_008053_3.jpg,aeroplane
pascal_aeroplane_2008_008053_4.jpg,aeroplane
pascal_aeroplane_2008_008053_5.jpg,aeroplane
pascal_aeroplane_2008_008053_6.jpg,aeroplane
pascal_aeroplane_2008_008053_7.jpg,aeroplane
pascal_aeroplane_2008_008053_8.jpg,aeroplane
pascal_aeroplane_2008_008053_9.jpg,aeroplane
pascal_aeroplane_2008_008096_0.jpg,aeroplane
pascal_aeroplane_2008_008130_0.jpg,aeroplane
pascal_aeroplane_2008_008146_0.jpg,aeroplane
pascal_aeroplane_2008_008179_0.jpg,aeroplane
pascal_aeroplane_2008_008179_1.jpg,aeroplane
pascal_aeroplane_2008_008179_2.jpg,aeroplane
pascal_aeroplane_2008_008179_3.jpg,aeroplane
pascal_aeroplane_2008_008446_0.jpg,aeroplane
pascal_aeroplane_2008_008467_0.jpg,aeroplane
pascal_aeroplane_2008_008467_1.jpg,aeroplane
pascal_aeroplane_2008_008467_2.jpg,aeroplane
pascal_aeroplane_2008_008467_3.jpg,aeroplane
pascal_aeroplane_2008_008467_4.jpg,aeroplane
pascal_aeroplane_2008_008765_0.jpg,aeroplane
pascal_aeroplane_2009_001509_6.jpg,aeroplane
pascal_aeroplane_2009_001851_0.jpg,aeroplane
pascal_aeroplane_2009_002272_0.jpg,aeroplane
pascal_aeroplane_2009_002320_0.jpg,aeroplane
pascal_aeroplane_2009_002531_0.jpg,aeroplane
pascal_aeroplane_2009_002888_0.jpg,aeroplane
pascal_aeroplane_2009_002888_1.jpg,aeroplane
pascal_aeroplane_2009_002888_2.jpg,aeroplane
pascal_aeroplane_2009_002941_0.jpg,aeroplane
pascal_aeroplane_2009_003153_0.jpg,aeroplane
pascal_aeroplane_2009_003372_0.jpg,aeroplane
pascal_aeroplane_2009_003806_0.jpg,aeroplane
pascal_aeroplane_2009_004812_0.jpg,aeroplane
pascal_aeroplane_2009_005019_0.jpg,aeroplane
pascal_aeroplane_2010_000572_0.jpg,aeroplane
pascal_aeroplane_2010_000622_0.jpg,aeroplane
pascal_aeroplane_2010_001505_0.jpg,aeroplane
pascal_aeroplane_2010_001950_0.jpg,aeroplane
pascal_aeroplane_2010_002289_0.jpg,aeroplane
pascal_aeroplane_2010_002310_0.jpg,aeroplane
pascal_aeroplane_2010_002638_0.jpg,aeroplane
pascal_aeroplane_2010_002939_0.jpg,aeroplane
pascal_aeroplane_2010_002954_0.jpg,aeroplane
pascal_aeroplane_2010_003054_0.jpg,aeroplane
pascal_aeroplane_2010_003279_0.jpg,aeroplane
pascal_aeroplane_2010_003458_0.jpg,aeroplane
pascal_aeroplane_2010_003723_0.jpg,aeroplane
pascal_aeroplane_2010_003915_0.jpg,aeroplane
pascal_aeroplane_2010_004184_0.jpg,aeroplane
pascal_aeroplane_2010_004314_2.jpg,aeroplane
pascal_aeroplane_2010_004314_3.jpg,aeroplane
pascal_aeroplane_2010_004404_0.jpg,aeroplane
pascal_aeroplane_2010_004917_0.jpg,aeroplane
pascal_aeroplane_2010_005877_0.jpg,aeroplane
pascal_aeroplane_2011_000592_0.jpg,aeroplane
pascal_aeroplane_2011_001407_0.jpg,aeroplane
pascal_aeroplane_2011_001880_1.jpg,train
pascal_aeroplane_2011_001962_0.jpg,aeroplane
pascal_aeroplane_2011_002132_0.jpg,aeroplane
pascal_aeroplane_2011_002617_0.jpg,aeroplane
pascal_aeroplane_2011_002675_0.jpg,aeroplane
pascal_aeroplane_2011_003275_0.jpg,aeroplane
pascal_bicycle_2008_000466_0.jpg,bicycle
pascal_bicycle_2008_000466_1.jpg,bicycle
pascal_bicycle_2008_000725_1.jpg,bicycle
pascal_bicycle_2008_001225_3.jpg,bicycle
pascal_bicycle_2008_001225_4.jpg,bicycle
pascal_bicycle_2008_001225_5.jpg,bicycle
pascal_bicycle_2008_001404_1.jpg,bicycle
pascal_bicycle_2008_002269_0.jpg,bicycle
pascal_bicycle_2008_002269_1.jpg,bicycle
pascal_bicycle_2008_002714_0.jpg,bicycle
pascal_bicycle_2008_002932_2.jpg,bicycle
pascal_bicycle_2008_003351_0.jpg,bicycle
pascal_bicycle_2008_003351_3.jpg,bicycle
pascal_bicycle_2008_003713_0.jpg,bicycle
pascal_bicycle_2008_004995_0.jpg,bicycle
pascal_bicycle_2008_005190_0.jpg,bicycle
pascal_bicycle_2008_005727_0.jpg,bicycle
pascal_bicycle_2008_005846_0.jpg,bicycle
pascal_bicycle_2008_006154_5.jpg,bicycle
pascal_bicycle_2008_006154_6.jpg,bicycle
pascal_bicycle_2008_006467_0.jpg,bicycle
pascal_bicycle_2008_007222_1.jpg,motorbike
pascal_bicycle_2008_007719_0.jpg,bicycle
pascal_bicycle_2008_007719_2.jpg,motorbike
pascal_bicycle_2008_007719_3.jpg,bicycle
pascal_bicycle_2008_008307_0.jpg,bicycle
pascal_bicycle_2008_008337_0.jpg,bicycle
pascal_bicycle_2008_008611_0.jpg,bicycle
pascal_bicycle_2008_008627_0.jpg,bicycle
pascal_bicycle_2008_008711_0.jpg,bicycle
pascal_bicycle_2008_008755_2.jpg,bicycle
pascal_bicycle_2009_000461_1.jpg,bicycle
pascal_bicycle_2009_000634_0.jpg,bicycle
pascal_bicycle_2009_000724_1.jpg,bicycle
pascal_bicycle_2009_000756_0.jpg,bicycle
pascal_bicycle_2009_000820_0.jpg,bicycle
pascal_bicycle_2009_001194_0.jpg,bicycle
pascal_bicycle_2009_001384_1.jpg,bicycle
pascal_bicycle_2009_001663_1.jpg,motorbike
pascal_bicycle_2009_001718_1.jpg,bicycle
pascal_bicycle_2009_002194_0.jpg,bicycle
pascal_bicycle_2009_002401_0.jpg,bicycle
pascal_bicycle_2009_002833_0.jpg,bicycle
pascal_bicycle_2009_002833_1.jpg,bicycle
pascal_bicycle_2009_002833_2.jpg,bicycle
pascal_bicycle_2009_002833_3.jpg,bicycle
pascal_bicycle_2009_002833_4.jpg,bicycle
pascal_bicycle_2009_002928_0.jpg,bicycle
pascal_bicycle_2009_002985_0.jpg,bicycle
pascal_bicycle_2009_003065_0.jpg,bicycle
pascal_bicycle_2009_004934_0.jpg,bicycle
pascal_bicycle_2009_005064_0.jpg,bicycle
pascal_bicycle_2009_005087_0.jpg,bicycle
pascal_bicycle_2009_005156_0.jpg,bicycle
pascal_bicycle_2010_000113_0.jpg,bicycle
pascal_bicycle_2010_000444_0.jpg,bicycle
pascal_bicycle_2010_000462_1.jpg,bicycle
pascal_bicycle_2010_000898_0.jpg,bicycle
pascal_bicycle_2010_002326_0.jpg,bicycle
pascal_bicycle_2010_003701_0.jpg,bicycle
pascal_bicycle_2010_003828_1.jpg,bicycle
pascal_bicycle_2010_004182_0.jpg,bicycle
pascal_bicycle_2010_005000_0.jpg,motorbike
pascal_bicycle_2010_005116_0.jpg,bicycle
pascal_bicycle_2010_005374_0.jpg,bicycle
pascal_bicycle_2010_006031_0.jpg,bicycle
pascal_bicycle_2011_000690_0.jpg,bicycle
pascal_bicycle_2011_000690_1.jpg,motorbike
pascal_bicycle_2011_001138_0.jpg,bicycle
pascal_bicycle_2011_001213_0.jpg,bicycle
pascal_bicycle_2011_001806_0.jpg,bicycle
pascal_bicycle_2011_001945_0.jpg,bicycle
pascal_bicycle_2011_001945_1.jpg,bicycle
pascal_bicycle_2011_001966_0.jpg,bicycle
pascal_bicycle_2011_002192_0.jpg,bicycle
pascal_bicycle_2011_002192_1.jpg,bicycle
pascal_bicycle_2011_002325_0.jpg,bicycle
pascal_bicycle_2011_002406_0.jpg,bicycle
pascal_bicycle_2011_003003_0.jpg,bicycle
pascal_boat_2008_001135_0.jpg,bus
pascal_boat_2008_001580_0.jpg,aeroplane
pascal_boat_2008_003951_2.jpg,aeroplane
pascal_boat_2008_006831_0.jpg,boat
pascal_boat_2008_007599_0.jpg,boat
pascal_boat_2008_008235_1.jpg,train
pascal_boat_2009_002453_0.jpg,boat
pascal_boat_2010_000272_0.jpg,boat
pascal_boat_2010_003878_0.jpg,boat
pascal_boat_2011_000130_0.jpg,boat
pascal_boat_2011_000130_1.jpg,boat
pascal_boat_2011_002036_0.jpg,boat
pascal_boat_2011_002519_0.jpg,boat
pascal_boat_2011_002519_1.jpg,boat
pascal_boat_2011_003115_0.jpg,boat
pascal_bus_2008_004794_0.jpg,car
pascal_bus_2008_004968_0.jpg,car
pascal_bus_2008_004968_1.jpg,bus
pascal_bus_2008_005933_0.jpg,bus
pascal_bus_2008_008120_0.jpg,bus
pascal_bus_2008_008252_0.jpg,bus
pascal_bus_2008_008684_0.jpg,boat
pascal_bus_2008_008684_1.jpg,car
pascal_bus_2009_000060_0.jpg,bus
pascal_bus_2009_000426_0.jpg,bus
pascal_bus_2009_000426_1.jpg,bus
pascal_bus_2009_000558_0.jpg,bus
pascal_bus_2009_001326_0.jpg,bus
pascal_bus_2009_001326_1.jpg,bus
pascal_bus_2009_001326_2.jpg,bus
pascal_bus_2009_001778_3.jpg,bus
pascal_bus_2009_003018_0.jpg,bus
pascal_bus_2009_003276_0.jpg,bus
pascal_bus_2009_003304_0.jpg,bus
pascal_bus_2009_003491_0.jpg,bus
pascal_bus_2009_003491_1.jpg,bus
pascal_bus_2009_003491_2.jpg,bus
pascal_bus_2009_003566_0.jpg,bus
pascal_bus_2009_003781_0.jpg,bus
pascal_bus_2009_004040_0.jpg,bus
pascal_bus_2009_004040_1.jpg,car
pascal_bus_2009_004040_5.jpg,bus
pascal_bus_2009_004040_6.jpg,bus
pascal_bus_2009_004072_0.jpg,bus
pascal_bus_2009_004567_3.jpg,bus
pascal_bus_2009_005060_0.jpg,bus
pascal_bus_2010_000069_0.jpg,car
pascal_bus_2010_001640_0.jpg,bus
pascal_bus_2010_001640_1.jpg,bus
pascal_bus_2010_001640_2.jpg,bus
pascal_bus_2010_001771_0.jpg,bus
pascal_bus_2010_002758_0.jpg,bus
pascal_bus_2010_003040_0.jpg,bus
pascal_bus_2010_003772_0.jpg,bus
pascal_bus_2010_003855_0.jpg,bus
pascal_bus_2010_003936_0.jpg,bus
pascal_bus_2010_004506_1.jpg,aeroplane
pascal_bus_2010_004903_0.jpg,bus
pascal_bus_2010_005118_0.jpg,bus
pascal_bus_2010_005527_0.jpg,bus
pascal_bus_2010_005527_1.jpg,train
pascal_bus_2011_000090_0.jpg,bus
pascal_bus_2011_000180_0.jpg,chair
pascal_bus_2011_000312_0.jpg,bus
pascal_bus_2011_000312_1.jpg,bus
pascal_bus_2011_001105_0.jpg,bus
pascal_bus_2011_001146_0.jpg,bus
pascal_bus_2011_001146_1.jpg,bus
pascal_bus_2011_002330_0.jpg,bus
pascal_bus_2011_002330_5.jpg,bus
pascal_car_2008_000203_3.jpg,car
pascal_car_2008_001007_2.jpg,car
pascal_car_2008_001543_0.jpg,car
pascal_car_2008_002212_0.jpg,car
pascal_car_2008_002366_0.jpg,motorbike
pascal_car_2008_002746_0.jpg,car
pascal_car_2008_002746_1.jpg,car
pascal_car_2008_002746_2.jpg,car
pascal_car_2008_003577_0.jpg,car
pascal_car_2008_003577_1.jpg,car
pascal_car_2008_004464_1.jpg,car
pascal_car_2008_004464_2.jpg,car
pascal_car_2008_004711_1.jpg,car
pascal_car_2008_004832_3.jpg,car
pascal_car_2008_005032_0.jpg,car
pascal_car_2008_005032_1.jpg,car
pascal_car_2008_005865_1.jpg,car
pascal_car_2008_005989_0.jpg,car
pascal_car_2008_006833_4.jpg,car
pascal_car_2008_007167_0.jpg,car
pascal_car_2008_007311_1.jpg,car
pascal_car_2008_007757_1.jpg,car
pascal_car_2009_000078_0.jpg,car
pascal_car_2009_002960_0.jpg,car
pascal_car_2009_003781_1.jpg,car
pascal_car_2009_003781_2.jpg,car
pascal_car_2009_004913_0.jpg,aeroplane
pascal_car_2010_000211_0.jpg,motorbike
pascal_car_2010_000530_0.jpg,car
pascal_car_2010_000530_1.jpg,car
pascal_car_2010_001449_0.jpg,car
pascal_car_2010_001668_0.jpg,car
pascal_car_2010_001757_0.jpg,car
pascal_car_2010_002790_0.jpg,car
pascal_car_2010_002790_1.jpg,car
pascal_car_2010_003231_0.jpg,car
pascal_car_2010_003453_0.jpg,car
pascal_car_2010_003730_0.jpg,car
pascal_car_2010_004228_1.jpg,car
pascal_car_2010_004291_0.jpg,car
pascal_car_2010_004484_0.jpg,car
pascal_car_2010_005587_0.jpg,car
pascal_car_2010_005733_2.jpg,car
pascal_car_2011_001105_4.jpg,train
pascal_car_2011_001137_2.jpg,car
pascal_car_2011_001982_0.jpg,car
pascal_car_2011_002215_2.jpg,car
pascal_car_2011_002366_0.jpg,car
pascal_car_2011_002812_1.jpg,car
pascal_chair_2008_000067_0.jpg,chair
pascal_chair_2008_000107_0.jpg,sofa
pascal_chair_2008_000305_0.jpg,diningtable
pascal_chair_2008_000489_1.jpg,chair
pascal_chair_2008_000863_1.jpg,chair
pascal_chair_2008_001034_4.jpg,chair
pascal_chair_2008_001034_5.jpg,sofa
pascal_chair_2008_001333_3.jpg,sofa
pascal_chair_2008_001596_3.jpg,chair
pascal_chair_2008_001596_4.jpg,chair
pascal_chair_2008_001773_5.jpg,sofa
pascal_chair_2008_001773_6.jpg,sofa
pascal_chair_2008_001841_1.jpg,chair
pascal_chair_2008_001869_1.jpg,chair
pascal_chair_2008_001869_2.jpg,chair
pascal_chair_2008_002026_1.jpg,sofa
pascal_chair_2008_002071_0.jpg,chair
pascal_chair_2008_002071_1.jpg,diningtable
pascal_chair_2008_002403_2.jpg,car
pascal_chair_2008_002521_0.jpg,chair
pascal_chair_2008_002869_0.jpg,sofa
pascal_chair_2008_003351_1.jpg,chair
pascal_chair_2008_003351_2.jpg,diningtable
pascal_chair_2008_003547_0.jpg,chair
pascal_chair_2008_004081_2.jpg,chair
pascal_chair_2008_004553_1.jpg,chair
pascal_chair_2008_004619_0.jpg,aeroplane
pascal_chair_2008_004778_2.jpg,sofa
pascal_chair_2008_004894_2.jpg,sofa
pascal_chair_2008_004896_0.jpg,chair
pascal_chair_2008_005107_1.jpg,chair
pascal_chair_2008_005574_0.jpg,chair
pascal_chair_2008_006303_0.jpg,chair
pascal_chair_2008_006303_1.jpg,sofa
pascal_chair_2008_006696_0.jpg,sofa
pascal_chair_2008_006796_3.jpg,chair
pascal_chair_2008_006828_4.jpg,chair
pascal_chair_2008_007339_2.jpg,sofa
pascal_chair_2008_007435_0.jpg,chair
pascal_chair_2008_007452_0.jpg,sofa
pascal_chair_2008_007617_1.jpg,chair
pascal_chair_2008_007617_4.jpg,chair
pascal_chair_2008_007768_2.jpg,sofa
pascal_chair_2009_000483_0.jpg,chair
pascal_chair_2009_001299_1.jpg,chair
pascal_chair_2009_001299_2.jpg,sofa
pascal_chair_2009_001299_3.jpg,chair
pascal_chair_2009_001621_0.jpg,sofa
pascal_chair_2009_002257_0.jpg,sofa
pascal_chair_2009_002487_1.jpg,diningtable
pascal_chair_2009_002487_2.jpg,diningtable
pascal_chair_2009_002487_3.jpg,chair
pascal_chair_2009_002487_4.jpg,diningtable
pascal_chair_2009_002755_0.jpg,chair
pascal_chair_2009_002762_0.jpg,aeroplane
pascal_chair_2009_003110_0.jpg,chair
pascal_chair_2009_003840_2.jpg,chair
pascal_chair_2009_003840_4.jpg,chair
pascal_chair_2009_003840_5.jpg,chair
pascal_chair_2009_004131_3.jpg,diningtable
pascal_chair_2009_004131_4.jpg,diningtable
pascal_chair_2009_004131_5.jpg,diningtable
pascal_chair_2009_004377_1.jpg,sofa
pascal_chair_2009_004536_0.jpg,chair
pascal_chair_2009_004769_1.jpg,chair
pascal_chair_2009_004769_2.jpg,diningtable
pascal_chair_2009_004769_3.jpg,sofa
pascal_chair_2009_004823_1.jpg,chair
pascal_chair_2009_005204_0.jpg,chair
pascal_chair_2009_005286_4.jpg,chair
pascal_chair_2009_005286_6.jpg,diningtable
pascal_chair_2010_000646_0.jpg,diningtable
pascal_chair_2010_000646_1.jpg,chair
pascal_chair_2010_000761_2.jpg,bicycle
pascal_chair_2010_001574_0.jpg,diningtable
pascal_chair_2010_001574_1.jpg,diningtable
pascal_chair_2010_001857_0.jpg,chair
pascal_chair_2010_002287_1.jpg,chair
pascal_chair_2010_002319_1.jpg,chair
pascal_chair_2010_002370_0.jpg,chair
pascal_chair_2010_002370_1.jpg,bicycle
pascal_chair_2010_002370_2.jpg,bicycle
pascal_chair_2010_002370_3.jpg,chair
pascal_chair_2010_002370_4.jpg,bicycle
pascal_chair_2010_002538_0.jpg,chair
pascal_chair_2010_002538_1.jpg,chair
pascal_chair_2010_002639_0.jpg,chair
pascal_chair_2010_002639_1.jpg,chair
pascal_chair_2010_002639_2.jpg,diningtable
pascal_chair_2010_002639_3.jpg,chair
pascal_chair_2010_002639_4.jpg,chair
pascal_chair_2010_002639_5.jpg,chair
pascal_chair_2010_002639_6.jpg,chair
pascal_chair_2010_002881_2.jpg,chair
pascal_chair_2010_003728_4.jpg,chair
pascal_chair_2010_004173_0.jpg,chair
pascal_chair_2010_004207_0.jpg,sofa
pascal_chair_2010_004813_0.jpg,chair
pascal_chair_2010_005008_1.jpg,chair
pascal_chair_2010_005021_1.jpg,chair
pascal_chair_2010_005044_1.jpg,chair
pascal_chair_2010_005243_1.jpg,chair
pascal_chair_2010_005243_3.jpg,chair
pascal_chair_2010_005637_3.jpg,sofa
pascal_chair_2010_005637_4.jpg,sofa
pascal_chair_2010_005754_0.jpg,sofa
pascal_chair_2010_006041_0.jpg,chair
pascal_chair_2011_000307_1.jpg,sofa
pascal_chair_2011_000607_0.jpg,chair
pascal_chair_2011_000809_0.jpg,chair
pascal_chair_2011_001071_1.jpg,sofa
pascal_chair_2011_001137_0.jpg,chair
pascal_chair_2011_001137_1.jpg,chair
pascal_chair_2011_001447_0.jpg,chair
pascal_chair_2011_001447_1.jpg,chair
pascal_chair_2011_002038_0.jpg,chair
pascal_chair_2011_002298_1.jpg,bicycle
pascal_chair_2011_002343_0.jpg,chair
pascal_chair_2011_002386_1.jpg,sofa
pascal_chair_2011_003097_0.jpg,sofa
pascal_diningtable_2008_001773_1.jpg,diningtable
pascal_diningtable_2008_007617_5.jpg,diningtable
pascal_diningtable_2008_007676_6.jpg,diningtable
pascal_diningtable_2008_008093_6.jpg,diningtable
pascal_diningtable_2009_002487_0.jpg,diningtable
pascal_diningtable_2009_003840_3.jpg,chair
pascal_diningtable_2009_004769_0.jpg,diningtable
pascal_diningtable_2010_002639_7.jpg,diningtable
pascal_diningtable_2010_004380_0.jpg,diningtable
pascal_diningtable_2010_004380_1.jpg,diningtable
pascal_diningtable_2010_004380_2.jpg,diningtable
pascal_diningtable_2010_005938_2.jpg,chair
pascal_diningtable_2011_001069_4.jpg,chair
pascal_diningtable_2011_001819_1.jpg,chair
pascal_diningtable_2011_002074_0.jpg,chair
pascal_diningtable_2011_002074_1.jpg,diningtable
pascal_motorbike_2008_000203_2.jpg,motorbike
pascal_motorbike_2008_000806_1.jpg,motorbike
pascal_motorbike_2008_000811_2.jpg,motorbike
pascal_motorbike_2008_000811_3.jpg,motorbike
pascal_motorbike_2008_001007_0.jpg,motorbike
pascal_motorbike_2008_002191_2.jpg,motorbike
pascal_motorbike_2008_002191_3.jpg,motorbike
pascal_motorbike_2008_002240_0.jpg,motorbike
pascal_motorbike_2008_002240_1.jpg,motorbike
pascal_motorbike_2008_002240_2.jpg,motorbike
pascal_motorbike_2008_002240_3.jpg,motorbike
pascal_motorbike_2008_002926_0.jpg,motorbike
pascal_motorbike_2008_003618_0.jpg,motorbike
pascal_motorbike_2008_003618_1.jpg,car
pascal_motorbike_2008_004615_0.jpg,motorbike
pascal_motorbike_2008_004615_1.jpg,motorbike
pascal_motorbike_2008_004615_2.jpg,motorbike
pascal_motorbike_2008_004832_0.jpg,motorbike
pascal_motorbike_2008_004832_2.jpg,motorbike
pascal_motorbike_2008_005637_0.jpg,motorbike
pascal_motorbike_2008_006776_1.jpg,motorbike
pascal_motorbike_2008_007336_0.jpg,motorbike
pascal_motorbike_2008_007344_0.jpg,motorbike
pascal_motorbike_2009_001805_0.jpg,bicycle
pascal_motorbike_2009_002894_0.jpg,motorbike
pascal_motorbike_2009_002902_0.jpg,motorbike
pascal_motorbike_2009_004093_0.jpg,motorbike
pascal_motorbike_2010_004355_0.jpg,motorbike
pascal_motorbike_2011_000034_1.jpg,motorbike
pascal_motorbike_2011_000618_0.jpg,motorbike
pascal_motorbike_2011_000770_0.jpg,motorbike
pascal_motorbike_2011_000770_1.jpg,boat
pascal_sofa_2008_000321_0.jpg,sofa
pascal_sofa_2008_000541_4.jpg,sofa
pascal_sofa_2008_001333_0.jpg,sofa
pascal_sofa_2008_001869_0.jpg,sofa
pascal_sofa_2008_003181_2.jpg,chair
pascal_sofa_2008_003286_2.jpg,sofa
pascal_sofa_2008_003286_3.jpg,sofa
pascal_sofa_2008_004894_1.jpg,sofa
pascal_sofa_2008_005627_0.jpg,sofa
pascal_sofa_2008_006616_2.jpg,sofa
pascal_sofa_2008_006773_1.jpg,sofa
pascal_sofa_2008_006948_0.jpg,sofa
pascal_sofa_2008_007182_0.jpg,sofa
pascal_sofa_2008_007452_1.jpg,sofa
pascal_sofa_2009_002673_0.jpg,sofa
pascal_sofa_2009_004188_0.jpg,sofa
pascal_train_2008_002158_0.jpg,train
pascal_train_2008_002965_0.jpg,train
pascal_train_2008_003105_0.jpg,train
pascal_train_2008_003263_0.jpg,train
pascal_train_2008_004214_0.jpg,train
pascal_train_2008_004357_0.jpg,train
pascal_train_2008_005763_0.jpg,train
pascal_train_2008_005801_0.jpg,train
pascal_train_2008_006368_0.jpg,train
pascal_train_2008_007521_0.jpg,train
pascal_train_2008_007749_0.jpg,train
pascal_train_2008_008379_0.jpg,train
pascal_train_2008_008690_0.jpg,train
pascal_train_2008_008732_0.jpg,train
pascal_train_2009_000597_0.jpg,train
pascal_train_2009_000597_1.jpg,motorbike
pascal_train_2009_001300_0.jpg,train
pascal_train_2009_001534_0.jpg,train
pascal_train_2009_002175_0.jpg,train
pascal_train_2009_002219_1.jpg,train
pascal_train_2009_002291_0.jpg,train
pascal_train_2009_003022_0.jpg,train
pascal_train_2009_003299_0.jpg,train
pascal_train_2009_003433_0.jpg,train
pascal_train_2009_005292_0.jpg,train
pascal_train_2010_000313_3.jpg,car
pascal_train_2010_002667_0.jpg,train
pascal_train_2010_004193_0.jpg,train
pascal_train_2010_004350_0.jpg,train
pascal_train_2010_004350_1.jpg,train
pascal_train_2010_004475_2.jpg,train
pascal_train_2010_004779_2.jpg,train
pascal_train_2011_000346_0.jpg,train
pascal_train_2011_000521_0.jpg,train
pascal_train_2011_000627_0.jpg,train
pascal_train_2011_001525_0.jpg,train
pascal_train_2011_001741_0.jpg,train
pascal_train_2011_003059_0.jpg,train
pascal_train_2011_003149_0.jpg,train
pascal_train_2011_003197_0.jpg,train
